Id,Count
热点,944.0
^.^,944.0
NOW直播就现在,944.0
微选座,943.0
微博看广州,943.0
黃金,943.0
锐店锐生活,943.0
悦读中国,942.0
围脖看南昌,942.0
伦敦神测,942.0
SII看奥运,942.0
952节目预告,941.0
杭州婚纱摄影,941.0
香港迪士尼樂園,941.0
青年思语,941.0
937快讯,940.0
紀念日,940.0
直播生活看点,940.0
我们的街拍时刻,939.0
互联网资讯快递,939.0
热点聚焦,938.0
周末放送,937.0
为爱打拼,937.0
Maxchic,937.0
Weico+,936.0
梦芭莎新品推荐,935.0
微博達人,935.0
杭州,934.0
翼起来分享,933.0
童心一刻,932.0
爆料,932.0
V5职场,932.0
我的香约家族,931.0
每日成交,930.0
转发得游戏显卡平板电脑,930.0
豬蝶四周年,930.0
翼♥分享,929.0
双12好店推荐,929.0
「悦」分想,929.0
白銀,928.0
有声漫画,927.0
盛大起点中文网,926.0
森活,926.0
天翼飞Young,926.0
千千鸟韩式家纺,926.0
郑州市区,926.0
越聚越划算,926.0
宫崎骏,925.0
感恩,922.0
精品20年,921.0
早安语,921.0
天使的幸福,921.0
四大名捕2,921.0
英语,920.0
扬州卡西欧旗舰店,920.0
2012春晚吐槽,920.0
面对面分享,920.0
927网友报路况,919.0
微盘iOS客户端,919.0
Z爱生活,919.0
织出青春，博出精彩,918.0
韩庚寒更发布会,918.0
新闻报料,917.0
工作动态,917.0
乐朗分享时间,917.0
游戏推荐,916.0
生活杂谈,915.0
泰国圣荷丰胸品牌诞生60周年,914.0
头条,914.0
财新博客,914.0
玩转iPhone,913.0
万通溪语悦庭,913.0
一言九鼎“通”集令,913.0
东莞新闻,912.0
KooBoos大杂烩,911.0
熊猫电视疯狂双十一,910.0
微语,910.0
太极,910.0
交流,910.0
问妈妈好吗,910.0
李晟敏,907.0
Dior,905.0
人文天地,904.0
七夕鲜花北京同城热恋,904.0
银行,904.0
休闲,903.0
上海新闻,903.0
眼中体,902.0
微博感恩月,902.0
12春夏新品,902.0
聚分享,901.0
武侯播报,901.0
鸟人涂字,901.0
晚饭时间,899.0
微博荐宝,899.0
宏益床垫废旧换新,899.0
深圳交通广播快乐接力,897.0
微言人生,897.0
博鳌亚洲论坛,897.0
Nichkhun生日快乐,896.0
咨询回复,895.0
陈楚生,895.0
街拍投稿,894.0
正大综艺微直播,894.0
同城大眼睛,894.0
苏打绿,893.0
想幸福的人,892.0
微热帖,892.0
Pong,892.0
美食折扣,891.0
银牌,891.0
Adele,890.0
解惑,890.0
疯狂世界巡演广州站,890.0
李泰民,890.0
香港明星少見圖片,890.0
话题,889.0
艺术家,889.0
武汉美食,889.0
新品上架,888.0
签证在线,887.0
金泰妍,886.0
去野,885.0
博动江西风景独好,885.0
S.H.E,885.0
民生,884.0
怪谈,884.0
拥抱太阳的月亮,883.0
沃游天下,882.0
暑假转发赢惊喜,882.0
晚安语,882.0
中国移动官方旗舰店爱在七夕,882.0
JJ斗地主,882.0
昨夜今晨,880.0
成都实时路况,880.0
波司登,879.0
晚安北京,879.0
影讯,879.0
爱在七夕,878.0
发型,878.0
当年我也是好孩子,877.0
nichkhun,875.0
iphone周边,875.0
热点活动,874.0
梁静茹,874.0
双鱼,874.0
成都车展,873.0
微视角,873.0
海立四季,872.0
昆仑控股有奖转发,872.0
拼车,872.0
限时尊抢,871.0
猎聘职场,870.0
微博运动会,870.0
香约就是香膏,870.0
悦读悦精彩,869.0
ViKingDom潮资讯,869.0
青黄,869.0
笔记本,868.0
厦门新事,868.0
gif,868.0
YogaStyle,868.0
當旺爸爸,867.0
2012汇源-果汁果乐花儿朵朵,867.0
AsiaPrince_JKS推特KSC翻译,866.0
我的战友,866.0
豆瓣同城北京活动,866.0
百度壁纸平安夜,865.0
潮拍,865.0
法律咨询,865.0
午间休闲,865.0
崔胜铉,863.0
人立方,863.0
Q20游戏,863.0
金贤重生日快乐,863.0
轩辕剑,863.0
艾薇儿,861.0
朗豪坊,861.0
國家隊,861.0
秋天来了,860.0
我的城市我的家,860.0
天猫圣诞季,860.0
分享职位,860.0
把乐带回家,859.0
天猫11.11,859.0
咖啡,859.0
社会,858.0
微路况,858.0
基金60秒,858.0
許廷鏗,857.0
袁弘,857.0
海立小子,857.0
创业大百科,857.0
轻松一下,857.0
FAC爱生活,856.0
空岛资讯,856.0
中山美食,856.0
死了都要唱,855.0
新年祝福说出来,855.0
天猫新风尚,855.0
早间看盘,853.0
女士LOOKBOOK,853.0
歐洲杯,852.0
Twins,851.0
领大赏拿重金勇当建e客,851.0
梦莱坞每日看点,850.0
天津天气,850.0
深度论坛,849.0
时事漫画,849.0
PhotoMagazine,848.0
CD折扣分享,847.0
明星街拍,847.0
微预告,847.0
广西文化创新,847.0
iColor分享,847.0
留学美国,846.0
单词卡片,845.0
微博三周年,844.0
周大福微博贺卡，甜蜜福运转给您,844.0
创意产品,844.0
韩庚lovelife,844.0
财经,844.0
952高速及时路况,843.0
网维大师,843.0
枫雪-凋零,843.0
李斯丹妮电影热血街头,842.0
圈族翻滚,842.0
警务动态,841.0
苏宁易购天声一队,841.0
美甲,841.0
沃休闲,841.0
闭崇,841.0
股票~股市~美股~港股~大盘,839.0
玩玩俱乐部,839.0
深圳折扣,839.0
汽车,839.0
中国新车榜,839.0
科技,838.0
松狮控,838.0
富力活动,838.0
宝宝日历,838.0
sandy音乐分享,838.0
iPhone4S,838.0
黄飞红幸福陪伴,838.0
潮流「城」列,837.0
每日一书,837.0
将奥运带回家,837.0
坐着火车收获秋天,837.0
转发,837.0
DE品牌,836.0
致我们终将逝去的青春,836.0
网络游戏资讯,836.0
吃遍合肥,836.0
午间小憩,836.0
show搞笑,836.0
赛特奥莱三周年,836.0
微电影合爱为一微博首发,835.0
猎聘观察,834.0
圣诞祝福新年新愿,834.0
七夕鹊桥仙为爱去表白,834.0
Dezeen,833.0
警方资讯,833.0
龙岩交通整治,833.0
可可黄金,832.0
促销活动,832.0
V5推推,832.0
2011微博之夜,832.0
西城区,831.0
机不可失,831.0
展示勇气魔力,831.0
西藏新闻,830.0
衣之家8周年店庆,830.0
新版微博抢升级,830.0
贵州高速及时路况,830.0
获奖名单,828.0
探馆子,828.0
yoga翻转世界,828.0
SNS,828.0
直播武汉路况,826.0
本周热读,826.0
文化,826.0
乐活,826.0
警讯,824.0
私家物语,824.0
祈福,824.0
森马时尚新品,824.0
小白提醒,824.0
天猫安卓出新,824.0
铁路资讯微发布,824.0
艾拼才会赢,823.0
有缘人,823.0
昌铁微生活,823.0
深圳市-南山区,822.0
江南Style,822.0
社会万象,821.0
护肤,821.0
大美人非常礼遇,821.0
798,820.0
感恩以爱之名,820.0
小世界，大设计,820.0
七夕表达爱,820.0
直播,819.0
大五送相机,819.0
佛山美食,818.0
乐蜂支招,817.0
欧朋温暖圣诞,816.0
敏感肌修护战,816.0
天天斗地主,816.0
萌物鉴定,815.0
美食诱惑,815.0
市场追踪,815.0
媒体看中国,815.0
奇闻趣事,815.0
生活提示,814.0
微动态,814.0
当当鹊桥会,814.0
天天签到领集分宝,814.0
勇敢爱,814.0
魏晨生日快乐,814.0
森女料理,813.0
城事特搜,813.0
时尚奢侈品,812.0
嘀嗒小编推介,812.0
陈键锋生日快乐,812.0
阿尔卡特OT986,812.0
FotoMen,811.0
小宝贝,811.0
京九杯,810.0
美伊娜多岁末感恩有奖转发活动大奖NEWIPAD,809.0
微段子,809.0
进店收藏店铺赢3台IPHONE4S,809.0
Tmall美容馆燃烧春夏旋律,808.0
魔幻精灵,808.0
幸福摩天輪,807.0
岷江排行榜,807.0
艾在别处,806.0
新闻早知道,806.0
图解,806.0
隋唐演义,806.0
每日问候,805.0
贺军翔,805.0
最新资讯,804.0
户外知识,804.0
在线访谈,804.0
澳门美食,803.0
小编推荐,803.0
视频分享,802.0
淘精灵,802.0
冷笑话精选,802.0
市井百态,801.0
七夕大礼来啦,801.0
翼起早安,800.0
收评,800.0
韩庚世界巡演北京站,800.0
笨人法事,799.0
我和殭屍有個約會,799.0
黑执事,799.0
开胸验肺,798.0
圆桌态度,798.0
hermes,798.0
财经要闻,798.0
西安冷笑话,797.0
翼起用3G,797.0
成都新闻,797.0
同城互助,797.0
TVB,797.0
香港會議展覽中心,796.0
追踪,796.0
纸黄金纸白银天通银td,795.0
用数据说话,795.0
【,795.0
「城」中热卖,795.0
警营文化,794.0
王的盛宴,794.0
微博速递,794.0
jamcast,794.0
回家,793.0
职场攻略,792.0
985新闻,791.0
美景,791.0
活力在基层,791.0
NBA篮球国度,791.0
森女插画,790.0
facebook,790.0
JPM,790.0
比赛直播,789.0
电信版iPhone5,787.0
生活小窍门,787.0
切糕,787.0
金钟云生日快乐,787.0
8乐闻,786.0
田馥甄,786.0
熬夜看奥运,786.0
民生信用卡分享有好礼,786.0
警营动态,785.0
绝对达令,785.0
朴有天生日快乐,785.0
我们是吃货,785.0
微心语,785.0
女士街拍,785.0
我最大的乐趣,784.0
奔放态小度,784.0
bibi梦想合唱团,784.0
转发抽奖,784.0
泰妍,783.0
圣诞快乐,783.0
瑶言,782.0
枕边书,781.0
安卓网&梦宝谷携手赢一夏,781.0
第七届中国电视观众节,780.0
爱分享,780.0
书衣书影,780.0
美梦成真,779.0
美图分享,778.0
服务资讯,778.0
微博送平安,778.0
开学后的那些事,778.0
DesignBoom,777.0
生活常识,777.0
生活大爆炸,777.0
新玩意,777.0
哇噻！好设计,776.0
再一次心跳,776.0
每日一搭,775.0
品纱婚礼,775.0
凭万国会员卡还可折上再9折【会员卡可现场即办即用】,775.0
金融,775.0
法律求助,774.0
infinite,774.0
Lumi爱美丽,774.0
香港新闻,774.0
生活参考,773.0
QZ新闻,773.0
浪漫七夕相约在沃,772.0
北京说事,772.0
镜像,772.0
泉露净水器,771.0
悦成心语,770.0
哈哈,770.0
今日轻松一刻,769.0
中歌榜,769.0
我们都爱阿森纳,768.0
MIUI更新,768.0
人身攻击,767.0
玩家心得,766.0
深圳,766.0
新东方美食推荐,766.0
WeiJianyi,765.0
淘宝,764.0
泉露净水机,764.0
今日叙利亚,764.0
聚美优品,763.0
朴敏英,763.0
冬天style,762.0
下班路上,762.0
游戏外的趣事儿,761.0
早安宁波,761.0
交通快讯,761.0
虎扑,760.0
沃服务,760.0
MP论坛,760.0
Hermes,759.0
聚推荐,759.0
男性健康,759.0
爱的蜜方,759.0
爱奇艺屏生活,757.0
Rihanna,757.0
365,757.0
高峰路况直播,757.0
热点追踪,756.0
高考祝福,756.0
微数据,755.0
中級達人,755.0
精品推荐,754.0
打折信息,754.0
微词,754.0
车致-车讯,754.0
林心如,753.0
杨洋,753.0
我有一个梦想,753.0
翼播报,752.0
洪辰,752.0
南京美食,752.0
中国梦想秀，让梦飞起来,752.0
社会热点,751.0
百度云,751.0
愚人节,751.0
欧舒丹,750.0
日本,750.0
奈特,750.0
北京空气污染指数,750.0
顶尖文案TOPYS,750.0
黎庆洪案,749.0
飛虎電影,749.0
用91助手下载奇艺影视果断出手抢新牛排海贼王限量版移动电源,748.0
潮品搜索,748.0
欢乐平安夜,748.0
乐泡移动电源转发有奖,748.0
达人签到,748.0
会动哟,747.0
今日热点,747.0
交广一现场,746.0
金基范,746.0
逆战,746.0
EC评论,745.0
卡友爆料,745.0
高速警事,743.0
轻尚宣言,743.0
苹果,742.0
曲婉婷,742.0
心戰,742.0
宝贝回家,742.0
高新涂鸦墙,742.0
期指攻略,741.0
佛山市-南海区,741.0
互动中国,741.0
我要做封面女郎,740.0
微行迹,740.0
Valentino,740.0
福州美食,739.0
早安厦门,739.0
淘女郎?爱购爱分享,738.0
幽默一刻,737.0
双12,737.0
饥饿游戏,737.0
古天乐,736.0
金钟云,736.0
林峯澳門演唱會,735.0
三亚市区,735.0
arena圣诞狂欢,735.0
金明洙,735.0
FM1061~中国之声,734.0
微行鸢都,734.0
天下3,734.0
双11综合症,734.0
厦门天气,734.0
金榜题名,734.0
林志穎,733.0
新浪微博,733.0
乐生活,733.0
上海奔驰上海东驰,733.0
蔡少芬,732.0
电视剧如意,732.0
汽车视频,732.0
实盘直播,732.0
陈坤画皮2,732.0
米聊,731.0
浙江印象,731.0
Wellness分享,731.0
疯狂世界巡演南京站,730.0
女相,730.0
话题讨论,729.0
猪蝶四周年,729.0
点评,729.0
好股高手,729.0
리위춘,729.0
玩转上海,728.0
最新資訊,728.0
我们约会吧,728.0
品纱礼服,728.0
博客达人,728.0
话说禁毒,727.0
纹身,727.0
新书推荐,727.0
国大开官微,727.0
爱音乐,726.0
尊享10000,726.0
婚姻律师,726.0
刘翔,726.0
davi再行动,726.0
巴黎-7°C的浪漫,725.0
大连市区,725.0
三国征途安卓版震撼登陆,725.0
Beyond,724.0
周杰倫,724.0
赵薇画皮2,724.0
林书豪,723.0
广州二手房,723.0
wo问候,723.0
虾米年终盘点,722.0
网友及时报,721.0
末日不留遗憾,721.0
拍秀寻找iPhone5第一人,721.0
韩剧News,721.0
鄭伊健,721.0
郑秀妍生日快乐,721.0
Co-China,719.0
聚划算,719.0
高考作文,719.0
长沙市区,719.0
读报,719.0
沈昌珉,718.0
天气早知道,718.0
热播推荐,717.0
西貢區,716.0
淘宝通集小而美,716.0
TAMAHIYO宝妈向前冲转发赢取松下GF5微单相机,715.0
CNBlue,714.0
給愛麗絲的奇跡,714.0
媒体聚焦,714.0
做人别太甄子丹,714.0
ORANGE*享生活,714.0
龙岩警务改革,714.0
申东熙生日快乐,713.0
游在南京,713.0
每日一萌,713.0
伊利21天健康行动,713.0
红牛羽林争霸,712.0
日韩明星控,712.0
开心翼刻,712.0
美丽说深夜电台,711.0
糗生活,711.0
我和新轩逸有个约会,711.0
型动派,711.0
七夕艳遇记,711.0
辟谣,711.0
常州新闻,710.0
学社交学口才,710.0
一汽丰田乐驾嘉年华,710.0
kkbox,710.0
黄子华,710.0
祺分享,708.0
我就要暴走,708.0
圣诞,708.0
佳作分享,708.0
2AM,708.0
早安常州,707.0
早安北京,707.0
市场动态,707.0
女人三十,707.0
NOP好设计,707.0
104微提醒,707.0
广州,706.0
伦敦奥运开幕了,706.0
金賢重,706.0
疯狂猎鸟,705.0
小辣椒手机销售40万台,705.0
同志资讯,705.0
轻松时刻,705.0
DIY,704.0
桃花姬每日美丽推荐,704.0
微观,704.0
体育趣图,704.0
西铁微新闻,703.0
苏志燮,703.0
胡夏北京签唱会,703.0
佳仁,703.0
图闻天下,702.0
名汇FAMOUS,702.0
中国最英雄,702.0
青岛天气,702.0
宝骏一周年,701.0
英国留学,700.0
绿叶,700.0
求是爱摄影,700.0
hongkong,700.0
沃自助,699.0
朵唯D9号约定,699.0
新民网原创,699.0
微网评,699.0
彼岸1945,699.0
实况天气,699.0
MBLAQ,699.0
焕LUMIA,698.0
林峰澳洲演唱會,698.0
Tiguan途观,698.0
2012最后的晚餐,698.0
CIBN感恩瞬间,697.0
设计,697.0
良创意,697.0
彩市速递,697.0
工行微博活力一夏送iPhone4S惊喜大奖,697.0
土豆音乐首发,697.0
付梦妮快乐，不再快乐,697.0
今日团购,697.0
街拍时刻—潮流站,696.0
当家随手拍,696.0
一天一款好游戏,695.0
蜂周刊,694.0
庭审直播,694.0
林峯澳洲演唱会,693.0
晚安重庆,693.0
微贴士,693.0
superjunior七周年,693.0
良设计,692.0
的,692.0
新单,692.0
育儿多贴心,691.0
联通iPhone5,691.0
求是爱插画,691.0
桃花源私微博,691.0
晨语,691.0
乐活银联,691.0
早餐推荐,690.0
成都华联圣诞促销,690.0
嘉顿儿童饼干育儿百科,690.0
午餐时间,690.0
泉州城事,689.0
晒人脉,689.0
新品上市,689.0
国外游戏资讯,689.0
儿童,689.0
亚心播报,689.0
Lumia820双电版苏宁专售,689.0
EXO-M,688.0
蓝页分享,688.0
李東海,688.0
吐槽,688.0
吃在青岛,688.0
谢霆锋,688.0
艾德思奇今日资讯,687.0
米聊求缘猫,687.0
创业感悟,686.0
hkig,686.0
报纸也疯狂,685.0
我是联想乐Phone探索达人,685.0
买家代购分享,685.0
长安动态,685.0
资金流向,685.0
華珍語錄,684.0
舌尖上的拉维纳,684.0
郑州打折,684.0
绯闻女孩,683.0
海贼说,683.0
建行快捷付新手乐翻天,683.0
大话北京,683.0
高德地图,682.0
AnnyHeartModels,681.0
825周年庆,681.0
大埔區,681.0
3G时代没有速度怎么玩,681.0
艺术眼,680.0
王菲,680.0
武艺广州天翼演唱会,680.0
早安成都,680.0
数据,680.0
我没有男朋友,680.0
微知识,680.0
失恋33天,680.0
红河警讯,679.0
吊顶潮我看设计大赛,679.0
一颗囧彩蛋,679.0
No5万花筒,679.0
陳豪,679.0
粤歌粤爱推荐,678.0
神话,677.0
2012地球一小时,677.0
1228MIC北京演唱会,677.0
Eee点Eee滴,676.0
网维大师积分商城抽奖,676.0
屈臣氏首发,676.0
万魔重现滚石打鬼,676.0
微职场,675.0
动漫,675.0
OL心语,675.0
2012瑞丽美容大赏,675.0
金孝渊生日快乐,675.0
CFO微观察,674.0
苏州婚纱摄影,674.0
广州市-番禺区,674.0
年代秀,674.0
春晚在下一盘很大的棋,673.0
浪漫七夕天生翼对,671.0
歌词,671.0
新机速递,671.0
微管理,671.0
西安市区,670.0
微博热点,670.0
屯門區,670.0
南粤青春视点,670.0
「悦」影速递,670.0
927预告,669.0
海豚浏览器,669.0
朴灿烈,669.0
有货潮拍,669.0
杜甫最近非常忙,668.0
最便捷的U盘携带方式,668.0
新鲜事,668.0
帮问,668.0
新手卡,667.0
午休,667.0
丰台发布,666.0
kris,666.0
辰亦儒,666.0
森女心语,665.0
微感悟,665.0
影子爱人,665.0
天空9城,665.0
赴美产子,665.0
信息图,664.0
金鹰新街口店,664.0
金融街购物中心五周年,664.0
沃享美食,663.0
微游戏1周年,663.0
襄阳广告网,662.0
策略,662.0
葵青區,661.0
百度相册,661.0
中山市区,661.0
高考英语,661.0
美食小记报料,660.0
潇湘晨报一路拍,660.0
林峰澳門演唱會,660.0
北京突发,660.0
动漫语录,660.0
Nice潮星座,660.0
早,659.0
平安夜,659.0
婚纱摄影,659.0
天天向上边看边聊,659.0
儿童节,659.0
马尔代夫,659.0
立刻办,658.0
看看台词,658.0
广州城事,658.0
四叶草大转盘,658.0
今日读经,658.0
生活体,657.0
抵制日货勿伤同胞,657.0
微美食,657.0
广州市-荔湾区,657.0
虞城交通广播,656.0
权志龙生日快乐,656.0
唐安麒宇宙飲食,656.0
台湾大选,656.0
泛汉字,655.0
爱婚恋,654.0
晚安问候,654.0
我为什么没有男朋友,653.0
广州市-白云区,653.0
东广微话题,653.0
火热视频,652.0
库巴百科,652.0
复旦管院,652.0
乐享生活,652.0
金泰妍生日快乐,652.0
微博点题,651.0
型搭自拍SHOW,651.0
品智能3D抢海信电视,651.0
体育画报欧夜,651.0
推图GIF动图,650.0
No5疯狂店庆月,650.0
黄金白银,650.0
灌篮高手,649.0
晚间分享,649.0
寄语海外华语媒体,649.0
励志,649.0
创意美食,649.0
952新闻快车道,648.0
吴卓羲,648.0
信息快递,648.0
香水,648.0
朴正洙,646.0
广而告之,646.0
地平线模型周年庆,646.0
上海求助,646.0
wo健康,646.0
聚焦苏宁观前店,645.0
我们结婚了,645.0
天翼导航,645.0
摩羯座今日运势,644.0
我有一个好爸爸,644.0
makeitcount,644.0
2012佳能博览会报名有奖,644.0
黑人牙膏群龙亲亲齐贺岁,644.0
报闻推介,643.0
多米·悦乐,643.0
启辰金牌秒杀,643.0
名人动态,643.0
今日封面,643.0
一年命365,643.0
香港國際機埸一號客運大樓,643.0
资讯快递,643.0
玩微博赚IPAD3,642.0
水瓶,642.0
华美·美丽播报,642.0
高街小喇叭,642.0
解盘,641.0
第一「城」现,641.0
游戏视频美图,641.0
承德网媒,641.0
她们点评,641.0
iphone5,641.0
银川新闻,641.0
财新视野,641.0
美图欣赏,640.0
广告,640.0
微微一笑,639.0
商界,639.0
Adidas,638.0
爱音乐分享,638.0
炫彬,638.0
港漂攻略,638.0
杨宗纬天声一队,638.0
市民提醒,638.0
FM950~广西音乐广播,637.0
段林希梦想学院,637.0
NBA风云我来观察,637.0
通知,637.0
九月九中药精油系列,636.0
Facebook上市,635.0
摄影技巧,635.0
非常完美微直播,635.0
早安晨之美,634.0
成都,634.0
风神祝语,634.0
球鞋报道,633.0
沈阳这一刻,633.0
微博帮帮忙,633.0
MISSHA精品,633.0
896微路况,632.0
新版微话题上线啦,632.0
岁末感恩回馈,632.0
黄飞红，幸福陪伴,632.0
银泰百货庆春店3周年庆,632.0
蚂蜂窝嗡嗡分享,631.0
聚划算2周年庆,631.0
粉丝分享,631.0
箴言,631.0
空姐微博控,631.0
生活妙招,631.0
特价机票,631.0
LABOMBA,631.0
青春不下线,631.0
FM907~河北文艺广播,630.0
开奖快讯,630.0
商场,630.0
假裝我們沒愛過,630.0
OL时尚,630.0
龙年快”乐”送乐pad,630.0
重点,630.0
网上110服务台,629.0
星座达人,629.0
新品速递,629.0
我的经济适用男,629.0
刘诗诗生日快乐,629.0
亨氏母婴资讯,629.0
金牌,629.0
趣闻,629.0
视觉版例,628.0
翼感恩,628.0
摄友点评,628.0
天下女人,628.0
聚小仙，摇大钱,627.0
精彩纷「城」,627.0
点滴分享,627.0
有奖转发送iphone4s,627.0
晚安宁波,627.0
摩西12月21日乐天85折,627.0
我的360手机卫士PK日记,627.0
央视315在行动,627.0
photo,627.0
我下载的微博应用,626.0
感动,626.0
南方周末,626.0
爱逛街,625.0
昌铁微发布,625.0
早安物语,625.0
合肥博友汇,625.0
博纳九城,625.0
美容心计,624.0
编辑力荐,624.0
小丸子大道理,624.0
吃家探店,624.0
北區,624.0
大童贴士,623.0
圣诞老人大作战,623.0
ArtInfo,622.0
蜜蜂要杨幂幸福,622.0
舞林大会,622.0
汽车资讯,622.0
晚秋,622.0
天翼在身边,622.0
今日炸蛋,622.0
PM10-AM03,622.0
诚信互听,621.0
微拍客,621.0
原创,619.0
"爱,就给Ta最好的冰箱",618.0
杂志,618.0
北京移动新年送大礼,618.0
RAVE幽默,618.0
测试,617.0
感恩节赢双重平板大礼抢楼转发微博统统有奖,617.0
发现丰台之美,617.0
celine,617.0
曼聯,616.0
摄影狮林,616.0
势不可挡,616.0
享生活,616.0
重口味,616.0
赵权,616.0
彩妆,615.0
限时抢购,615.0
点歌台,614.0
新「悦」会,614.0
i新闻,614.0
聚焦两会,613.0
