name,label
uMMSGCUVA,user0
uPKFKNT2X,user1
uONP5Y4HU,user2
uGL4N4Z3E,user3
uQSMQFMTA,user4
uW0EE5SBM,user5
uS5W54B45,user6
uHJXSR0OY,user7
uB5FIIRYE,user8
uLMIOFMAD,user9
uRSRBNXRR,user10
uB4H2S5SG,user11
uB5NMTR41,user12
u0AGS350M,user13
uWYNCBPX5,user14
uI43JCQN2,user15
uVGJCWKL0,user16
uMLLCZHGM,user17
uMLLCZHGM,user18
uW0EO3BZY,user19
uMMSCJELX,user20
uRLODOJHS,user21
uK3RUPVPN,user22
uGL4TXBUH,user23
u1OVXCZDQ,user24
uLMIGJZBU,user25
uK3R1IMYR,user26
uTZ5DRPZL,user27
uGL4NKUGN,user28
uQSMQFMTA,user29
u1OVXCZDQ,user30
uVEQCO2GS,user31
uYC3E1QGP,user32
uZXKF1F3A,user33
uMMSWZQFO,user34
uB4GRDSFM,user35
uMLL5FLAN,user36
uQZ03XTNN,user37
u1OVACNKP,user38
u1CR2RDOZ,user39
uQZ0AEAO0,user40
u35104FLW,user41
u1CIX0MSU,user42
uZXYRU35B,user43
uZXK2Q5CG,user44
u0VPB1KDC,user45
uDZT2PNYQ,user46
u0YUSW2E1,user47
u3JHZAFJC,user48
uI43DM52T,user49
uM1U53W3R,user50
u0YUPXBVX,user51
uP2ZOLQR1,user52
uQHC3M01H,user53
uUPWFLGV1,user54
uHJXSKH3E,user55
uSIAEDXJI,user56
uM1UGVSPP,user57
uYC30CHW0,user58
uPVDKKILA,user59
u1OVXCZDQ,user60
uMLLCUM0M,user61
uPVDDEVMX,user62
uPVDKH0BU,user63
uGL4T2KOC,user64
uMMSW0YUT,user65
u1OVXCZDQ,user66
uJ2OILTPF,user67
uNEGTSUIQ,user68
uB5NTIRMH,user69
u1OVXR2PB,user70
uDZPXLNGR,user71
u1OVXCZDQ,user72
u1OVXCZDQ,user73
uHJXSKH3E,user74
uHJXMHRT0,user75
uDG02K5BK,user76
uVEQW1QSQ,user77
uB5FIULFW,user78
u1OVXCZDQ,user79
uGL4NKUGN,user80
uQSMQFMTA,user81
uAHFOFDXV,user82
uHRVOCB2B,user83
uEMB1I2ZO,user84
u0YUPXBVX,user85
u1OVXCZDQ,user86
uJ2OQN4IE,user87
uWWBG1XBF,user88
uPA3DXHNF,user89
uGL4NKUGN,user90
uDSCBQLA,user91
uZNJARMRK,user92
uI43KXA22,user93
uMMSVSDTQ,user94
u1OVXCZDQ,user95
u1OVXCZDQ,user96
uP2ZBPCV1,user97
uP2ZO0KGV,user98
uLCMDVHL4,user99
uM1U0BTOI,user100
u1OVXCZDQ,user101
uP2ZO0KGV,user102
u0VPTA43E,user103
uBIBF0XBL,user104
u0YUPXBVX,user105
uB5NMTR41,user106
u1OVXCZDQ,user107
uZXYRIDLH,user108
uGL4NKUGN,user109
u351Z5BYV,user110
uZDQXSHYO,user111
uNEGOETS2,user112
uVT4H0RW0,user113
uOQZ0UAQB,user114
uK3RQ2MPZ,user115
uQSMZP3DJ,user116
uS5WBNCQS,user117
uLMIY2VRM,user118
uS5WWTZD0,user119
uQSMQFMTA,user120
u1OVXCZDQ,user121
u1OVXCZDQ,user122
u0YUPXBVX,user123
uDZPXLNGR,user124
uDZPXLNGR,user125
uZDQRCTKV,user126
u351ULXLA,user127
uQHC0FIOI,user128
uNEGYJRS3,user129
uJ2OU3KUG,user130
uMLLCZHGM,user131
uR1WBZNFC,user132
uW0EC4CDE,user133
u1OVXCZDQ,user134
uHQYKP1XB,user135
uI43KI0BQ,user136
u5KYVETMJ,user137
uRLOBUFWE,user138
uLUCYHYF4,user139
u35111H20,user140
u35111H20,user141
uY02QG0TE,user142
u5KYVHKPQ,user143
uM1U5GQGV,user144
uZNJAI35M,user145
uOQZ5EMGD,user146
uRUW0B0R,user147
uZDQIDXP2,user148
uQSMQFMTA,user149
u1OVXCZDQ,user150
uYC33ANKT,user151
uB5NMTR41,user152
u1OVXCZDQ,user153
u1OVXCZDQ,user154
uP2ZO0KGV,user155
uRSRVYDI0,user156
u0YUPXBVX,user157
uRSRH2GWU,user158
u0YUPXBVX,user159
uI43OCPLH,user160
uLUCJEVCG,user161
uZXK2DD4W,user162
uWWBBXBFQ,user163
uJWAAKU2Z,user164
uTZ5BZK1A,user165
u1CIRQUB1,user166
uLUCY4ALJ,user167
uZDQX32PE,user168
uS5WHX4GX,user169
uPKFK0EKM,user170
uGS3VB3HS,user171
uNEGKN1TU,user172
uVT4LYLIF,user173
uLUCOBG3W,user174
uPVDKR0BH,user175
uJWARFPJG,user176
uTS2HYFX4,user177
uQZ0E2VNA,user178
uQZ0E2B5Q,user179
uFAVJBLX,user180
uJ2OAEDUG,user181
uQZ0EJE1M,user182
uHQYSS3RE,user183
u3JHZEW5V,user184
uCBTJJENF,user185
uVT4GCRC3,user186
uPVDDRRKU,user187
uB5NMTR41,user188
u0YUPXBVX,user189
uTZ5BX1I4,user190
uAHFK3XB5,user191
uRUW3DTS,user192
uTZ5HTT2A,user193
uDZPXAFJC,user194
uP2ZO0KGV,user195
uGL4NKUGN,user196
uB4GRDSFM,user197
uB5NMTR41,user198
u1OVXCZDQ,user199
uJWAAKU2Z,user200
uZQX1XMN0,user201
uQZ0USWL0,user202
uWWBLKBII,user203
u1CR2MHCR,user204
uSIAEDXJI,user205
uYC3E4VZ3,user206
uUPWPUFRB,user207
uNEGKPGJC,user208
uZXYRIDLH,user209
uPKFGBP2M,user210
u1OVXCZDQ,user211
uMLLHTUTO,user212
uQZ0EJE1M,user213
uVGJCWKL0,user214
uDZPXLNGR,user215
uM1UWRUT3,user216
uDZPXLNGR,user217
u0VPB1KDC,user218
uDGURANQR,user219
uGL4NKUGN,user220
uRLODOJHS,user221
uHRVMKBCX,user222
uDGUX4NHD,user223
u1O5SYUD5,user224
uVEQCLGNH,user225
uZXYXY54T,user226
uBIBTUIKF,user227
uZXYXJYNK,user228
uDZPXLNGR,user229
uZDQ1SI2B,user230
uP2ZO0KGV,user231
uI43GGJRM,user232
uB4HPMGDJ,user233
u1OVXCZDQ,user234
uP2ZO0KGV,user235
uJWIPJI3M,user236
uPA3D0IEE,user237
uBIDRF3VX,user238
uEMBUQT4L,user239
uVT4HTLNX,user240
uBIBF0XBL,user241
uLCMYUOOK,user242
uVEQW1QSQ,user243
uWWBBXBFQ,user244
uQZ0E2B5Q,user245
uGL4NKUGN,user246
uP2ZO0KGV,user247
uNEGDWD23,user248
u0VPNYOH4,user249
u0YUPXBVX,user250
uHQYBFV2E,user251
uII5LKL24,user252
uMLLCZHGM,user253
u0AGDK03L,user254
uTS2GPGVY,user255
uPKFNBO1L,user256
uQZ0ZDTPT,user257
uR1WYPC02,user258
uZNJAM31Q,user259
uZNJARMRK,user260
uQZ0QASGS,user261
uI43LS2HG,user262
u3FT1ZHDA,user263
uVEQLXCQB,user264
u0YUPXBVX,user265
uNEGKN1TU,user266
uNEGKN1TU,user267
uMLLLX1ZC,user268
uFACARBI,user269
u351Z5BYV,user270
uOQZQCYXK,user271
u0VPKC5RX,user272
u1CIXF1MB,user273
u1OVXCZDQ,user274
uDZPXSAU4,user275
uOQZZX4ER,user276
uQZ0ZJA4Y,user277
uDGUX5JLK,user278
uDSLZ1LN,user279
uQSMQFMTA,user280
u1CR2QBAM,user281
uRSRK1I0U,user282
u1OVXCZDQ,user283
uP2ZO0KGV,user284
uK3R510WP,user285
u0YUPXBVX,user286
uHJXBLEZY,user287
uCBTWL13M,user288
uCBTWL13M,user289
uZNJIKDWM,user290
u1OVXCZDQ,user291
uDGUXFYMB,user292
uAHFK3XB5,user293
u1OVXCZDQ,user294
uNEGKN1TU,user295
u1OVXCZDQ,user296
uBK142043,user297
uFACOEAE,user298
uP2ZO0KGV,user299
uQZ0ZDTPT,user300
uRSRDCMDO,user301
uJWAAKU2Z,user302
u0AGT15EK,user303
uPVDKXFCN,user304
u3JHEIDNB,user305
uYC3E1AEE,user306
uOQZ3FQNF,user307
uQZ03QXEY,user308
uLUCOBG3W,user309
uVGJCWKL0,user310
u1OVXCZDQ,user311
uM1U0BTOI,user312
uM1U0BTOI,user313
uB5NMTR41,user314
uPKFWGAIC,user315
u5KYVETMJ,user316
u5KYVETMJ,user317
uLUCOBG3W,user318
uJWAAKU2Z,user319
uB5N4IZQH,user320
uJWAAKU2Z,user321
uB5NF0V3U,user322
u02L411ZF,user323
uZXYXHPXO,user324
uYC3E11AE,user325
uII5J2PMQ,user326
uDGURJQFB,user327
u1CRFTCGY,user328
uW0EC2SVV,user329
uI43OQK4U,user330
uDGURANQR,user331
uLCMJ2PXN,user332
uII5JUK14,user333
uNEGKN1TU,user334
uNEGKN1TU,user335
uWWBBXBFQ,user336
uLUCYHYF4,user337
uPKFKNT2X,user338
uLCMDX5QA,user339
uGL4NKUGN,user340
uJWAIF3CD,user341
u351Z5BYV,user342
u1O54YO2T,user343
uPKFJNMWD,user344
u5KY51P4B,user345
uFAHQTGI,user346
uEMBUIFUW,user347
uJ2O0BBAC,user348
uKB513WB0,user349
u3JHEIRFB,user350
uRSRHV2P0,user351
uZXYRIDLH,user352
uPVDWOREI,user353
uAHFK3XB5,user354
u0YUPXBVX,user355
u0YUPXBVX,user356
uWWBLPPEN,user357
u1OVXCZDQ,user358
uRUERSLM,user359
u1OVXCZDQ,user360
uVEQW1QSQ,user361
uP2ZO0KGV,user362
uP2ZO0KGV,user363
uHRVF3NBM,user364
uNEGKN1TU,user365
uMLLCZHGM,user366
uJWAAKU2Z,user367
uP2ZO0KGV,user368
uRSRDOVYW,user369
uJ2OIQ3GW,user370
u02LPXXEB,user371
uDZPXLNGR,user372
uQZ0ZDTPT,user373
uKB5QQZ05,user374
uFAG1G5Q,user375
u5KYVOWVR,user376
u1OVXCZDQ,user377
uPA3DXHNF,user378
uYC33VKMW,user379
uQHC0FIOI,user380
uLCMJMGJR,user381
uVEQLXCQB,user382
u02LNW2KV,user383
uB4H4XDXF,user384
uZNJILIFJ,user385
u351IHIHA,user386
uHQYBCHII,user387
uI43OO3N5,user388
uJWAA5O01,user389
uUPW4KE2X,user390
uVT4JJ00Z,user391
uI43HDKM1,user392
uFADO14A,user393
uQHC3FABS,user394
uPVDJBCV4,user395
uGL4PIQRC,user396
uLMIYNDFP,user397
uMLL5FLAN,user398
u3FT3IVAK,user399
uRLOVDEMO,user400
uRLOBI0OU,user401
uHJXT5QAG,user402
uB4H4GSGN,user403
uCBTBNLS0,user404
uPA3J5LHG,user405
uDZPXLNGR,user406
uLMIHBRXO,user407
uLMIHBRXO,user408
uZXYRCCOG,user409
uZXYRCCOG,user410
uDGURANQR,user411
u0AGTZH04,user412
uP2ZO0KGV,user413
u1OVXCZDQ,user414
uDSWAODR,user415
uVEQLXCQB,user416
uLUCJEVCG,user417
uZND2DPYO,user418
u1OVXCZDQ,user419
uKPKZRBUU,user420
uP2ZO0KGV,user421
uB5NPCQKR,user422
uQSMWNH5F,user423
uM1U0BTOI,user424
uDZPXLNGR,user425
u3JL2BD5J,user426
u1O5PUV11,user427
u0VPJNH0M,user428
uNEGKN1TU,user429
uNEGKN1TU,user430
u1OVXCZDQ,user431
uQHC3EOD2,user432
uDZPXLNGR,user433
uW0EGCZMU,user434
uW0EGCZMU,user435
uTS2BOTLV,user436
uTZ5CKM5N,user437
uR1WBKVFY,user438
uJWARFPJG,user439
uWYNGNMFZ,user440
uJWAA5UD5,user441
u3JHZCS1A,user442
uHJXSMPBB,user443
uHJXSMPBB,user444
uDSDFI5U,user445
uZXYRIDLH,user446
uKPKQMHZH,user447
uDZPXLNGR,user448
uII5LKL24,user449
uVGJCWKL0,user450
u1OVXCZDQ,user451
uB5FIULFW,user452
uTS2HYFX4,user453
uZXYXO14Q,user454
uVEQCM2TE,user455
uKB510IO4,user456
uZXKT0TTX,user457
u1OVX3N55,user458
uDZPXLNGR,user459
uPVDKRJDO,user460
u3JHZFJ4U,user461
uVGJWSRQZ,user462
uK3RUG5AX,user463
uZNJAIE0G,user464
uONPVLH5P,user465
uONP5KK5Z,user466
uP2ZYSDGQ,user467
uVEQW1QSQ,user468
uVEQLYUKR,user469
uI43YHVE1,user470
uY02ZKAWQ,user471
uBK142043,user472
u02LNWPCJ,user473
uB5NFJ2UW,user474
uB5NFJ2UW,user475
uTZ5B021J,user476
uDZPXLNGR,user477
uDZPXLNGR,user478
uMLLCZHGM,user479
uNEGKN1TU,user480
uDZPXLNGR,user481
u0VPB1KDC,user482
uDZPXLNGR,user483
uHRVMKBCX,user484
u0YUPXBVX,user485
uAHFK3XB5,user486
uAHFK3XB5,user487
uDZPXLNGR,user488
uB4H4DHII,user489
uDZPXEMKZ,user490
uQHCUIKT2,user491
uDZPX2Q5M,user492
uQHC3ZA3J,user493
uQHC3ZA3J,user494
uLCMJ2PXN,user495
uJWAAKU2Z,user496
uZXYRIDLH,user497
uONP5KK5Z,user498
uDGURANQR,user499
uP2ZO0KGV,user500
u1CRMBHGB,user501
uONP5KK5Z,user502
uCBTDGIXD,user503
uOQZZX4ER,user504
uRLOBYAPP,user505
uGL4NKUGN,user506
uHQYBMB3P,user507
uONPQVTWU,user508
uW0EWIKHC,user509
u3FTERPFK,user510
u1OVXCZDQ,user511
uMMSC2RUB,user512
uHJXSKH3E,user513
u0AGJN53O,user514
uQZ0ZDTPT,user515
uKB5UISBD,user516
uQZ0ZJA4Y,user517
uBIBFM2S1,user518
u1CR2G4OJ,user519
uY02ZKAWQ,user520
uB5NPCQKR,user521
u0AGSY5UZ,user522
uM1UVKRBX,user523
uR1WG4XHM,user524
uVEQW1QSQ,user525
uPVDL2ZWX,user526
uR1WYPC02,user527
uJ2OILTPF,user528
uB5FIIRYE,user529
uB5NNF1XD,user530
uHJXMCARQ,user531
uGL4NKUGN,user532
uHQYMYUF5,user533
u1OVXCZDQ,user534
uEMBE5RPM,user535
u1O5F5OYJ,user536
uMMSW1P0S,user537
u5KYQF03K,user538
uVEQCRZFM,user539
uY02EDHZL,user540
uATZFNZDY,user541
uM1U0BTOI,user542
uM1U0BTOI,user543
u5KYVHKPQ,user544
u5KYVHKPQ,user545
uHJXGQSOA,user546
uSIAVSYOP,user547
u3FTEEUDH,user548
u1O54YO2T,user549
uKPK1C0JA,user550
u5KYWI2PV,user551
u1OVXCZDQ,user552
u5KYVOCXP,user553
u1OVXCZDQ,user554
uGL4NKUGN,user555
uZXYRJQ4W,user556
u0YUP1VF4,user557
uLUCGST3X,user558
uII5DQIOR,user559
uP2ZY3JNN,user560
uB5FIULFW,user561
u1OVXCZDQ,user562
uZNJARMRK,user563
uVGJHXFXW,user564
uJ2OAEDUG,user565
uNEGKN1TU,user566
uZXYRIDLH,user567
uZXYRIDLH,user568
uONPVUFXM,user569
uEMBVXCYV,user570
u0VPT4WWT,user571
uZXYRU3SW,user572
uOQZ51SVR,user573
uQZ0ZJA4Y,user574
uOQZ3N3SS,user575
u3FT3ZEGL,user576
uWWBL3LPZ,user577
uWWBL3LPZ,user578
u1OVXCZDQ,user579
uDZPXLNGR,user580
u0AGSY5UZ,user581
uQHCE1F5V,user582
uQZ0ZDTPT,user583
u0YUPXBVX,user584
uHRVTXR3O,user585
u1CRTUWMC,user586
u0AGSW01Q,user587
uMLLWWTFU,user588
u1OVXCZDQ,user589
u1CIXFY1N,user590
uBK1FVUGF,user591
uVEQW1QSQ,user592
uGL4NKUGN,user593
uP2ZO0KGV,user594
uGL4NKUGN,user595
uBIBNJE14,user596
uONP5KK5Z,user597
uEMBE5RPM,user598
uHJXTSSXP,user599
uWWBLDVAV,user600
uEMBE5RPM,user601
u1OVXCZDQ,user602
uQSMWFTTW,user603
u1OVXCZDQ,user604
u0YUMHCQ4,user605
uZQXX1E1J,user606
uW0EKQ3VV,user607
uK3RR4BGU,user608
uQZ0EJE1M,user609
uQZ0EJE1M,user610
u0VPSY0XB,user611
uDSCBQLA,user612
uDSCBQLA,user613
uZQXILBAP,user614
uDZPXLNGR,user615
uPA3JBWXS,user616
uDSHKMEX,user617
uHRVPYONN,user618
uHQYS0UMC,user619
uQZ030CJ1,user620
uDGURXGKK,user621
uVGJCFYLJ,user622
u1OVXCZDQ,user623
uB4GIKYWK,user624
uB4GIKYWK,user625
uOQZLUHEF,user626
uOQZLUHEF,user627
uDZPXLNGR,user628
uDSCBQLA,user629
uDSCBQLA,user630
uGL4NKUGN,user631
uGL4NKUGN,user632
uZNJIKDWM,user633
u0AGMOGZ4,user634
uB5NF0V3U,user635
uGL4NWIMM,user636
uEMBE5RPM,user637
uJWAAKU2Z,user638
u1OVXCZDQ,user639
uHRVMOGBR,user640
u1OVACNKP,user641
uRSROZ42M,user642
uLCMJJMRN,user643
uATZS5FZW,user644
u1OVXCZDQ,user645
uDZPXLNGR,user646
uZXYRFRYK,user647
uDGUXFYMB,user648
u1OVXCZDQ,user649
uQZ0ZDTPT,user650
uHRVMKBCX,user651
uQHC5JVYC,user652
u0YUP1VF4,user653
uHQYNIPBI,user654
uWWBBIN3D,user655
uTZ5BJQ14,user656
uTS2GPGVY,user657
uWYNKD3ZO,user658
uPA3HXCHJ,user659
u1OVXCZDQ,user660
u1OVXCZDQ,user661
uII5JUBSE,user662
u1OVX01F1,user663
uATZMBOPO,user664
uDGU1ZV4A,user665
uDSVHKHK,user666
uZ32S5DVI,user667
uVGJCWKL0,user668
uGL4NKUGN,user669
uHRVMKBCX,user670
uQSM51IN1,user671
u1OVXCZDQ,user672
uDZPXLNGR,user673
uBIB2ASC2,user674
uBIB2ASC2,user675
uZQXIVPKK,user676
u1OVXCZDQ,user677
uNEGKN1TU,user678
uQHC0FIOI,user679
uB4H2M024,user680
u1OVXCZDQ,user681
uB5N4IZQH,user682
uFAC0AZC,user683
uMLLWW34N,user684
uWYN54V5N,user685
uTZ5B021J,user686
u1OVXCZDQ,user687
u1OVXCZDQ,user688
u1OVXCZDQ,user689
u0YUPXBVX,user690
uJWAAKU2Z,user691
uZNJ00QR0,user692
uVEQW1QSQ,user693
uB5NMTR41,user694
uQZ0ZDTPT,user695
uGL4T1NG1,user696
uB4HNHQCA,user697
uDGURFZZT,user698
uSIALITUS,user699
uHQYMDUMZ,user700
uZQXIVGBY,user701
uMMSCMFZS,user702
uDGUAP1RM,user703
uQHC0FIOI,user704
uEMBU4TP5,user705
uUPW2GYPS,user706
uUPW2GYPS,user707
uMMSJJE5Z,user708
u1OVXCZDQ,user709
uDZPXLNGR,user710
uHRVMKBCX,user711
u1OVXCZDQ,user712
uTZ5BK4XN,user713
uB5NTIRMH,user714
uZNJ0VPCP,user715
uM1UECTOG,user716
uJ2OAEDUG,user717
uAHFK3XB5,user718
uTS2DK13A,user719
uHQYYPXOF,user720
u5KYV4BIS,user721
u1CR4BWCO,user722
uB5NMTR41,user723
uZXYXY5RL,user724
uFAVJBLX,user725
uNEGKXTKH,user726
uLMIOLRZX,user727
uDZPR2TMR,user728
uDSW2J52,user729
uRSRDOVYW,user730
u5KYGWXOD,user731
uZXK4LAOF,user732
uHRVM4OW2,user733
uZQXILBAP,user734
uAHFK3XB5,user735
uDSCBQLA,user736
uONPVUYTU,user737
uP2ZO0KGV,user738
uHRVMKBCX,user739
uWWBOD5HX,user740
uII5GI150,user741
uQZ030CJ1,user742
uK3R0JEFV,user743
u1OVXR2PB,user744
uM1U5GQGV,user745
uHRVMNV0H,user746
u3JHZPQWE,user747
uDZPXLNGR,user748
uLUCYC3YJ,user749
uRSRJZ2HY,user750
uJWAAT5DK,user751
uB5NMTR41,user752
u1OVXCZDQ,user753
uAHFK3XB5,user754
uW0ELGMML,user755
u1OVXCZDQ,user756
uPA3DXHNF,user757
u1OVXCZDQ,user758
u1OVXCZDQ,user759
uMLLENDNB,user760
u1OVXCZDQ,user761
u1OVXCZDQ,user762
u1OVXCZDQ,user763
uRSRLVIMP,user764
uFAHZFNZ,user765
uII5L4M2R,user766
uLUCDKVWG,user767
uBKZ0FFUJ,user768
uONP5KK5Z,user769
uJWAAKU2Z,user770
uKPKIUWIM,user771
uVEQCG4BW,user772
u1OVXCZDQ,user773
uHRVLTKUG,user774
uDGUUN0KG,user775
uDGURANQR,user776
uR1WBP2ON,user777
uS5WLD45R,user778
uS5WLD45R,user779
uB4H2ST14,user780
u1CRFKVK1,user781
u1OVXCZDQ,user782
uKPK1YOOE,user783
u1OVXCZDQ,user784
u1OVXCZDQ,user785
uVT4HDX1I,user786
uBK141WRG,user787
uQSMQFMTA,user788
uHRVMKBCX,user789
uVEQW1QSQ,user790
uKPKZTWNR,user791
uKPKZTWNR,user792
uQZ0QASGS,user793
uPA3DXHNF,user794
uJWAAKU2Z,user795
u0YUPXBVX,user796
uWWBBIN3D,user797
uZNJ0VPCP,user798
u1OVXCZDQ,user799
uNEGKN1TU,user800
uLCMDVHL4,user801
uPA3DXHNF,user802
uDZPXLNGR,user803
uB5NF40FW,user804
uVGJWAG5G,user805
u1CIXQV4F,user806
uLMIKDSQK,user807
uMLLWW34N,user808
uTZ5DOR0J,user809
uQHCZKRFG,user810
uQZ0E2B5Q,user811
uLUCJEVCG,user812
uEMBUQNFL,user813
uP2ZDKAAT,user814
uJWARFPJG,user815
uJWAI2T2P,user816
uHQYMDUMZ,user817
uRSRDOVYW,user818
uZD322BDU,user819
uBIBFIBID,user820
u1O54YO2T,user821
u0VPJNH0M,user822
uBIB4Z2JR,user823
uB5NTIRMH,user824
uVEQW1QSQ,user825
uFADO14A,user826
uLUCGST3X,user827
uEMBE5RPM,user828
u02LNWPCJ,user829
uVGJLMICF,user830
uZDQIYRIM,user831
uDZPXLNGR,user832
uII5KXUMY,user833
u1OVXCZDQ,user834
u1OVXCZDQ,user835
uRLODOJHS,user836
uBIBFIHQU,user837
uJWAAXTBO,user838
uJ2O0HVPG,user839
uVGJCWKL0,user840
uWYNCEVTY,user841
uVT4HXXON,user842
uB4HF2B5S,user843
uLCMDVHL4,user844
u02L2JPES,user845
uK3RQ2MPZ,user846
u1OVACNKP,user847
uBIBFTETN,user848
uPVDKR0BH,user849
uDZPXLNGR,user850
uBIBTSPNH,user851
uWWBLQORL,user852
uVEQL35ES,user853
uDGU0JSP3,user854
uQHCQ3CGI,user855
uEMB1ISU4,user856
uB5FIULFW,user857
uPVDWOREI,user858
uI43DM52T,user859
u0YUSDFEP,user860
uII5GIBDY,user861
uGL4K3XIG,user862
uQZ0ZDTPT,user863
uDSHIJRD,user864
uB5N41BCA,user865
uLMIJOPPF,user866
uRUGAWJV,user867
uZXYR2YJL,user868
uJWAAKU2Z,user869
uJWAAKU2Z,user870
uNEGKN1TU,user871
uNEGKN1TU,user872
uZND2DPYO,user873
uW0EGZBIE,user874
uMLLV0WNI,user875
uDGUXFYMB,user876
uWYNOTQBJ,user877
u0YUPXBVX,user878
uZXKFXGEE,user879
uMLL5Q3JX,user880
uHRVH4HXN,user881
uMLLCZHGM,user882
uLCMOZHKT,user883
uZQXIVZ3C,user884
uB5NFSCQ5,user885
uII5Y3TDY,user886
uLMINF1H2,user887
uEMBUIWNI,user888
u1OVXCZDQ,user889
uWYNQH025,user890
uP2ZO0KGV,user891
uM1U0BTOI,user892
uDGUXH5YW,user893
uR1WBKVFY,user894
uRUKGQEB,user895
uRUKGQEB,user896
uEMBZGWBB,user897
u1OVXCZDQ,user898
uB4GRDSFM,user899
uPKFKNT2X,user900
uM1U5MSQX,user901
uQSMWFTTW,user902
uHRVMKBCX,user903
uRSRB1ZQ5,user904
uS5WWTZD0,user905
u1CR2KR0F,user906
uONP5KK5Z,user907
uP2ZY5RKG,user908
uLCMSC1ML,user909
uS5WBNCQS,user910
uDZT2PNYQ,user911
uFAG1Z2T,user912
uTS2DGJ0Y,user913
uHQYPNLFD,user914
uVT4LBYYH,user915
uTS2DGJ0Y,user916
u0AGSY5UZ,user917
u1OVXCZDQ,user918
u1OVXCZDQ,user919
uZNJRDOFN,user920
uY02ZLZAI,user921
uJWAATC1K,user922
uHQYSW3BI,user923
uI43JF3OK,user924
u02LTTDDH,user925
uB5FIIRYE,user926
uB5FIIRYE,user927
uDZPXLNGR,user928
uHRVMQDJT,user929
uNEGKN1TU,user930
uAHFK3XB5,user931
uEMBXVYGF,user932
u1OVXCZDQ,user933
uI43LS2HG,user934
uM1U1VC5U,user935
uB5NF40FW,user936
uB5NF40FW,user937
uRLOQ1NA5,user938
uNEGTSUIQ,user939
u0AGOY4JY,user940
uDG0NBYGS,user941
uPA3DXHNF,user942
uCBTDGIXD,user943
uONPUNYBO,user944
uONPUNYBO,user945
uW0EDNZAC,user946
uW0EDNZAC,user947
uHJX4L4QK,user948
uAHFK3XB5,user949
u1OVXCZDQ,user950
u1OVXCZDQ,user951
uB4GX1ELC,user952
u02LNWPCJ,user953
uSIAEDXJI,user954
uHQYOHKBV,user955
uTZ5WP1QX,user956
uLMIO4GSY,user957
u3JHVHMKB,user958
uQZ0ZDTPT,user959
uWYNGNJ1W,user960
u1OVXCZDQ,user961
uEMBE5RPM,user962
u02LNWPCJ,user963
u1OVXCZDQ,user964
u1CR4I1AG,user965
u1OVXCZDQ,user966
u1OVXCZDQ,user967
uRLOSK2KM,user968
uK3R0VUTC,user969
uM1U53W3R,user970
uNEGKN1TU,user971
u0YUPMDJM,user972
uGL4TWLED,user973
uB5NPCQKR,user974
uLCMJMGJR,user975
uM1U0BTOI,user976
u0AGSQY4Z,user977
u0AGSQY4Z,user978
u1OVXCZDQ,user979
uJWAA3FPC,user980
u0AGJ4OV5,user981
uQZ0EVXTJ,user982
uGL4NKUGN,user983
uDZPXLNGR,user984
uMLLCZHGM,user985
u1CRMBHGB,user986
u1OVXCZDQ,user987
uVEQW1QSQ,user988
uB5NMTR41,user989
u1O54YO2T,user990
u1O52O3PA,user991
uII5WWYKA,user992
uYC3EWZLO,user993
uP2ZYSDGQ,user994
uDSVHKHK,user995
uWWBBU122,user996
u3FT1MUSZ,user997
uOQZUDSEB,user998
uRUWVESY,user999
uDZPXLNGR,user1000
uGL4NKUGN,user1001
uB5NMTR41,user1002
uGL4NKUGN,user1003
uGL4NKUGN,user1004
uNEGTSUIQ,user1005
uI43HDKM1,user1006
uB5NF0V3U,user1007
uQHCQJH4F,user1008
uRLOSK2KM,user1009
u1OVXCZDQ,user1010
uDZPXLNGR,user1011
uNEGKN1TU,user1012
uNEGKN1TU,user1013
uFAH5V1T,user1014
uJ2OILTPF,user1015
uJWAARF3V,user1016
uGL4TXZ0J,user1017
uYC3VJ2IP,user1018
uW0EL2ULB,user1019
uCBTM4QCP,user1020
uWWBGCQIA,user1021
uVGJCWKL0,user1022
uFAKK50Z,user1023
uWYNGFQPG,user1024
u0YUPXBVX,user1025
u1OVXCZDQ,user1026
u1OVXCZDQ,user1027
uNEGKN1TU,user1028
uLUCGST3X,user1029
uNEGKN1TU,user1030
uB5NTIRMH,user1031
uAHFJZ3YX,user1032
uB4H2O2KP,user1033
uB4HONZV5,user1034
uJWARFPJG,user1035
uEMBI1T34,user1036
uKB50RU5E,user1037
uGL4NKUGN,user1038
uPVDBQ4N4,user1039
uWYN5VATQ,user1040
uDZPXLNGR,user1041
u1OVXCZDQ,user1042
uGL4NKUGN,user1043
uDG02K5BK,user1044
uYC33VKMW,user1045
uYC33VKMW,user1046
uW0EGCZMU,user1047
uW0EGCZMU,user1048
u1OVXCZDQ,user1049
uHJXSKH3E,user1050
u1OVXCZDQ,user1051
uGL4NKUGN,user1052
uGL4NKUGN,user1053
uDZPXLNGR,user1054
u0YUPXBVX,user1055
uZNJRKP4W,user1056
uSIAEDXJI,user1057
uPKFYVADP,user1058
uYC3ZN1UH,user1059
uRUVNZZC,user1060
uPKFKFS2D,user1061
uWWBGVZBJ,user1062
uW0ELJZS3,user1063
uDZPX1G5I,user1064
uDSHTXU1,user1065
uBKZ0FFUJ,user1066
uBKZ0FFUJ,user1067
uSIALFICK,user1068
uPA3MTFHK,user1069
uPA3MTFHK,user1070
uZNJIKDWM,user1071
uZNJARMRK,user1072
uATZJPWMP,user1073
uAHFK3XB5,user1074
uPKFTSDV4,user1075
uR1WGFDTB,user1076
uB4H4NISE,user1077
uZXYRE2AW,user1078
uJWAAVW3K,user1079
uVEQHAVNI,user1080
uAHFK3XB5,user1081
uBK1OJSN2,user1082
uHJXSMPBB,user1083
uZQXAKY54,user1084
uRUC2K0H,user1085
uFABPRRS,user1086
uRSRB1ZQ5,user1087
uAHFK3XB5,user1088
uZQXILBAP,user1089
uWWBCX5A2,user1090
uRLODCJWH,user1091
uP2ZBZ4SD,user1092
uDGURI4NZ,user1093
uDGURXGKK,user1094
uQZ0IF221,user1095
uLCMO1IOY,user1096
u1OVXR2PB,user1097
uM1UZFUNV,user1098
uAHFM1AVQ,user1099
uPVDKK03J,user1100
uWWBBQAUQ,user1101
uLCMDVHL4,user1102
uWYN5VATQ,user1103
u1OVXCZDQ,user1104
u0YUPXBVX,user1105
uB5NMTR41,user1106
u3511WMBT,user1107
uPA3JXFBA,user1108
u1OVXCZDQ,user1109
uFAWYWXQ,user1110
uZNJARMRK,user1111
u1CRPMKXA,user1112
u1CRPMKXA,user1113
uPA3MIKGS,user1114
uM1U0BTOI,user1115
uM1U0BTOI,user1116
uLCMJ2PXN,user1117
u0YUPXBVX,user1118
uDZPXLNGR,user1119
uQZ0VCKOT,user1120
uB5NMTR41,user1121
u1O54YO2T,user1122
uYC3E4IWL,user1123
uB5N4VQPW,user1124
uRLOJ0RIX,user1125
uFABRZDT,user1126
uWYN3OLGB,user1127
uB4H2WJLG,user1128
uTS2JUMXY,user1129
u1OVXCZDQ,user1130
uB5FIULFW,user1131
uQSMQFMTA,user1132
uBIB4Z2JR,user1133
uJWAAKU2Z,user1134
uZDQEUCHA,user1135
uP2ZYEULH,user1136
uP2ZYEULH,user1137
uUPW4GWUV,user1138
uKPK3F5XA,user1139
uDZT2PNYQ,user1140
uK3R510WP,user1141
uQHCQXPC4,user1142
uVEQL1503,user1143
uEMBE5RPM,user1144
u0AGDK03L,user1145
uDZPX2Q5M,user1146
uDZPXLNGR,user1147
u1OVXCZDQ,user1148
u1OVXCZDQ,user1149
uVGJC1KHM,user1150
uPA3HXCHJ,user1151
u1OVXCZDQ,user1152
u1OVXCZDQ,user1153
uRLOSK2KM,user1154
u5KYVF0X1,user1155
u3FTALCQY,user1156
u351XW5LV,user1157
uLUCK3XC5,user1158
uGL4NWIMM,user1159
u351R3AYZ,user1160
u0YUPXBVX,user1161
uP2ZO0KGV,user1162
uMLL34NEX,user1163
uQZ0QASGS,user1164
uVEQW1QSQ,user1165
u1OVXCZDQ,user1166
uDZPXLNGR,user1167
uOQZ3TUKF,user1168
uCBTJLVHZ,user1169
uKB5UNCVC,user1170
uDZPXLNGR,user1171
uQHCC3JHO,user1172
uP2ZO0KGV,user1173
uJWIPJI3M,user1174
uQZ0EJE1M,user1175
uP2ZO0KGV,user1176
u1OVXCZDQ,user1177
uMLLCZHGM,user1178
uMLLCZHGM,user1179
uPA3DXHNF,user1180
uHRVF3NBM,user1181
uW0EW5XUZ,user1182
uZNJARMRK,user1183
uRSRDCMDO,user1184
uM1U0BTOI,user1185
uGL4NKUGN,user1186
uTZ5G1NEM,user1187
uB5N40QLN,user1188
uKB51FQQ1,user1189
uTZ5G4QFA,user1190
uOQZQ5W4U,user1191
uPVDJKF23,user1192
uLCMM5WYP,user1193
uQZ03GR4H,user1194
uLMIOURPO,user1195
u1OVXCZDQ,user1196
u3JHZNOSY,user1197
uB5NMTR41,user1198
uLCMOQXVC,user1199
uP2ZO0KGV,user1200
u0VPB1KDC,user1201
uGL4NKUGN,user1202
u1OVXCZDQ,user1203
uP2ZYHBCL,user1204
uY02ZKAWQ,user1205
uMLLWDKVF,user1206
uHRVM40LJ,user1207
uHRVM40LJ,user1208
u1OVXCZDQ,user1209
uONP5KK5Z,user1210
uKPKZRBUU,user1211
uKPKZRBUU,user1212
uDS5LY1U,user1213
uDS5LY1U,user1214
uONP5KK5Z,user1215
uRSRLZT1Z,user1216
uRSRLZT1Z,user1217
uNEGKN1TU,user1218
u0YUPXBVX,user1219
uDZPXLNGR,user1220
uDZPXLNGR,user1221
u1OVXCZDQ,user1222
uI43HDKM1,user1223
uDZPXLNGR,user1224
uHRVDK5VN,user1225
uAHFK3XB5,user1226
uVEQCLGNH,user1227
uLUCSSD0Q,user1228
uB4H2WJLG,user1229
uCBTSIIKE,user1230
uATZJPWMP,user1231
uATZSELQS,user1232
uAHFJM1RH,user1233
uTS2WPBWV,user1234
uLMIOURPO,user1235
uGL4T5ITN,user1236
uQZ0E2B5Q,user1237
uVT4LEURO,user1238
u351Z5BYV,user1239
uHQYMCQOR,user1240
u0AGDK03L,user1241
uDGUR0M1H,user1242
u1OVXEMGA,user1243
uZNJRKTFM,user1244
u1OVXCZDQ,user1245
u1OVXCZDQ,user1246
uJ2OAEDUG,user1247
uZXYRIDLH,user1248
uW0ELGMML,user1249
uLUCJZQSI,user1250
uII5KMJRW,user1251
uII5KMJRW,user1252
u1O54S51O,user1253
uQHCV3Y2R,user1254
u0YUPXBVX,user1255
uHQYOWQDY,user1256
uGL4NKUGN,user1257
uONP5KK5Z,user1258
uFAJXHQR,user1259
uLMIO0QQF,user1260
u1OVXCZDQ,user1261
uLUCJ4GQ4,user1262
uP2ZYKVDU,user1263
uQZ0ZDTPT,user1264
u0YUPZ2AR,user1265
uMLLBCESG,user1266
u351Z5BYV,user1267
u0VPS4NSY,user1268
uDGURWCCH,user1269
uWWBG2D1P,user1270
uYC3E1EPO,user1271
uR1WB2AHH,user1272
u1OVXCZDQ,user1273
uY025LKTS,user1274
uDZPXLNGR,user1275
uONP3XQKY,user1276
uKPKX2YMA,user1277
uMLLQC3WE,user1278
uFADO14A,user1279
uRUCJ5QW,user1280
u3FT1LYJ1,user1281
uHRVF3NBM,user1282
uVGJCWKL0,user1283
uDZPXLNGR,user1284
uZXYR2YJL,user1285
uDZPXLNGR,user1286
uOQZQC0FJ,user1287
uI43YMENR,user1288
uQZ03GCW2,user1289
uQZ0ZDTPT,user1290
uY021NKHD,user1291
uJWAI4PQ5,user1292
uLCMOUY1W,user1293
u1OVACNKP,user1294
uP2ZYSDGQ,user1295
uPKFORX4S,user1296
uSIACGUGE,user1297
uNEGDJYNV,user1298
uTZ5BZK1A,user1299
uVGJL44CP,user1300
u1OVXCZDQ,user1301
uB5NMTR41,user1302
uQHC0FIOI,user1303
uJWAAKU2Z,user1304
uR1WBHSHG,user1305
uOQZ04CUA,user1306
uB5NMTR41,user1307
uY02ZKAWQ,user1308
uPVDWOREI,user1309
u3511MNTQ,user1310
uB5NMTR41,user1311
uLCMDVHL4,user1312
uLCMOGFSI,user1313
uONP5KK5Z,user1314
uEMG2D4H0,user1315
uZXYRJQ4W,user1316
uZQXI5SG4,user1317
uW0ELJZS3,user1318
uBIBFR25O,user1319
u3JHVHMKB,user1320
u1CRNQMHZ,user1321
uZNJRKP4W,user1322
uJ2ORF42S,user1323
uRSRDVEFT,user1324
uLUCJKVPN,user1325
uDZPXLNGR,user1326
u1CRNQMHZ,user1327
uZXYRTGUF,user1328
u0YUP122W,user1329
u0AGDK03L,user1330
u1OVXCZDQ,user1331
uVEQW1QSQ,user1332
uZQXILBAP,user1333
u1OVXCZDQ,user1334
uPVDKR0BH,user1335
u5KYV42LQ,user1336
uDZPXLNGR,user1337
uZND2DPYO,user1338
uII5MEOLS,user1339
uR1WHKROH,user1340
uB4GX1ELC,user1341
uOQZVZWBU,user1342
uZNJIKR4S,user1343
u1CIRSRH5,user1344
uMMSCJEQQ,user1345
uM1UDGF1S,user1346
uVGJCWKL0,user1347
uNEGKN1TU,user1348
uW0ELGMML,user1349
uNEGKN1TU,user1350
u1OVXCZDQ,user1351
uPKFBQXP5,user1352
uZXYRIDLH,user1353
uZXYRIDLH,user1354
uKPKQ0STU,user1355
uONP5KK5Z,user1356
u0YUJ3P3S,user1357
uMLLCZHGM,user1358
uVGJCWKL0,user1359
u1OVXCZDQ,user1360
uZXYRIDLH,user1361
u0YUPXBVX,user1362
u1OVXCZDQ,user1363
uQHC0FIOI,user1364
uZNJARMRK,user1365
u0AGJN53O,user1366
uNEGKN1TU,user1367
uNEGKN1TU,user1368
u0VPB1KDC,user1369
u351Z5BYV,user1370
uZDQA0XCF,user1371
uVT4LP1OB,user1372
uP2ZYSDGQ,user1373
uZXYXO14Q,user1374
uLUCKEKSM,user1375
uEMG2E4SN,user1376
uDGUXFYMB,user1377
uDGUXFYMB,user1378
uII5MSP42,user1379
uW0EODT2C,user1380
uDGURANQR,user1381
uRUEM4WB,user1382
u1OVXCZDQ,user1383
uQHC3MQNT,user1384
uONPQQDBH,user1385
uMLLCU2FU,user1386
u1CRNQMHZ,user1387
u1OVXCZDQ,user1388
uDSG3RKF,user1389
uEMBUX11U,user1390
u1OVXCZDQ,user1391
uFALYR3M,user1392
uVEQW1QSQ,user1393
u1OVXCZDQ,user1394
uWYN5YUTB,user1395
uKPKU40YT,user1396
uRSRLZT1Z,user1397
u1CRMBHGB,user1398
uGL4NKUGN,user1399
uQZ0QASGS,user1400
uQHCE1F5V,user1401
uQZ0ZDTPT,user1402
u1OVXCZDQ,user1403
uB4GX1ELC,user1404
uLCMDVHL4,user1405
uKPKUQIWD,user1406
uR1WBQ1AO,user1407
uCBTKEX0E,user1408
uJWAA1MBZ,user1409
uPA3J3V4T,user1410
u1CRNQMHZ,user1411
uZND2DPYO,user1412
uLUCGV4W2,user1413
u5KYWHBE5,user1414
uTZ5B021J,user1415
uNEGKN1TU,user1416
uBIBF0XBL,user1417
u5KYWZVAO,user1418
uII5MEOLS,user1419
uVEQW1QSQ,user1420
u1OVXCZDQ,user1421
uTZ5BK4XN,user1422
uNEGKN1TU,user1423
uNEGKN1TU,user1424
uONPQS3HS,user1425
uMLLCZHGM,user1426
uMLLCZHGM,user1427
uM1U0BTOI,user1428
uM1U0BTOI,user1429
uATZS3YT4,user1430
uATZS3YT4,user1431
uNEGD0X0R,user1432
uY02ZL1GN,user1433
uBK1TT2XL,user1434
uZXK4LAOF,user1435
uB5N4D2H2,user1436
uPKFHOUM2,user1437
u3FTEEHWZ,user1438
uDSWAODR,user1439
u1OVXCZDQ,user1440
u351RA4PC,user1441
uDZPAQNAE,user1442
uNEGKN1TU,user1443
u3511MNTQ,user1444
uII5DQZP5,user1445
uTS2DGJ0Y,user1446
uUPCX3QDL,user1447
uTZ5G4QMD,user1448
uJWAAKU2Z,user1449
uM1UCT2ZX,user1450
uKPKZRBUU,user1451
uJWA0PJ2S,user1452
uQSMQHRDD,user1453
uFAG1GLP,user1454
u1OVXCZDQ,user1455
uQZ0QASGS,user1456
u1OVXCZDQ,user1457
uP2ZJY24I,user1458
uFAY1TXH,user1459
uQZ030CJ1,user1460
u351Z5BYV,user1461
uAHFKSPFG,user1462
uR1WBHSHG,user1463
u0VPKZZDA,user1464
u0VPKZZDA,user1465
uDZPXLNGR,user1466
u1CIXF1MB,user1467
uB5N41BCA,user1468
uEMBXVYGF,user1469
uZXYRDJKT,user1470
uS5WCLRCS,user1471
uW0ELGMML,user1472
uJ2O03GLV,user1473
uB5FIULFW,user1474
uBIBFSTJX,user1475
u1O54YO2T,user1476
uPKFTVGUH,user1477
u1CIXI0AO,user1478
uZNJRKP4W,user1479
uBIBFEKOJ,user1480
uI43DM52T,user1481
u1O5F5OYJ,user1482
u1OVXCZDQ,user1483
uDZPXLNGR,user1484
uYC3ABWPZ,user1485
uYC3ABWPZ,user1486
uLCMDVHL4,user1487
u1OVXCZDQ,user1488
uR1WOWJJC,user1489
uLMIOELVJ,user1490
uII5LKL24,user1491
uII5LKL24,user1492
u1OVXCZDQ,user1493
uB5N4CQTA,user1494
u1OVXCZDQ,user1495
uTS2GPGVY,user1496
uHRVMKBCX,user1497
uHRVMKBCX,user1498
uQZ0ZDTPT,user1499
uPKFTSDV4,user1500
uDZPXLNGR,user1501
uPA3DXHNF,user1502
uONPVXURN,user1503
uP2ZYSDGQ,user1504
uNEGKN1TU,user1505
uZQXX2B5O,user1506
uQSM3O442,user1507
uGL4TILPA,user1508
uAHFS12RJ,user1509
uMLLEUS2G,user1510
uDGUXTBFE,user1511
u0YUPXBVX,user1512
uPKFKUFLN,user1513
uHRVMKBCX,user1514
u1OVXCZDQ,user1515
u0YUPXBVX,user1516
u1OVXCZDQ,user1517
uSIACDFEJ,user1518
uHQYNIPBI,user1519
uDZPXLNGR,user1520
uGL4NKUGN,user1521
uQZ0CI1XP,user1522
uB5NMTR41,user1523
uAHFK3XB5,user1524
uP2ZO0KGV,user1525
uNEGH5EBD,user1526
u3JHZGRUJ,user1527
uP2ZJSFH0,user1528
uW0EHWZF5,user1529
uOQZHYRP1,user1530
u1O5F5OYJ,user1531
uRLOBYIZF,user1532
uDSVHKHK,user1533
uII5JGMNA,user1534
uPA3VDRLG,user1535
uRUWEJJY,user1536
uR1WYPC02,user1537
uZNJRKP4W,user1538
uMMSCMFZS,user1539
uYC3IVPYP,user1540
u3FT3IIAO,user1541
uUPWTJS2C,user1542
uPKFHOUM2,user1543
uVGJCWKL0,user1544
uSIACFVZT,user1545
u351ZG2LU,user1546
uDSCBQLA,user1547
uLCMDVHL4,user1548
uGL4NKUGN,user1549
uJWAAKU2Z,user1550
uLUCGST3X,user1551
uVEQCG4BW,user1552
u0AGSY5UZ,user1553
uJWAAKU2Z,user1554
uK3RRL5SU,user1555
u1OVACNKP,user1556
u1O52COSD,user1557
uDSLZ1LN,user1558
uP2ZYQQTP,user1559
uS5WEOELQ,user1560
uPA3JK0NW,user1561
uLUCJKVPN,user1562
uHJXSKH3E,user1563
uNEGKN1TU,user1564
uAHFD1TR0,user1565
u0AGDK03L,user1566
uII5JZRQX,user1567
u1OVXCZDQ,user1568
uPKFKBC0E,user1569
uQZ0QASGS,user1570
uONP5KK5Z,user1571
uS5WV3KY0,user1572
uKB5I41QV,user1573
uR1WBMTTQ,user1574
uATZTIUTC,user1575
uVEQWJZKW,user1576
uRU5Q100,user1577
u1OVXCZDQ,user1578
u1OVXCZDQ,user1579
u0AGJN53O,user1580
uJWAAXPK1,user1581
uY02051FB,user1582
uTS2LSADN,user1583
uB5FIIRYE,user1584
uTS2CYEZY,user1585
uPKFH5CXY,user1586
u0YUPXBVX,user1587
uNEGKN1TU,user1588
uZNJISLOR,user1589
uP2ZO0KGV,user1590
u351RA4PC,user1591
u0YUPXBVX,user1592
uAHFJK2G4,user1593
uJWAARF3V,user1594
uHJXSKH3E,user1595
u1OVXCZDQ,user1596
uCBTDGIXD,user1597
uEMB01APP,user1598
u1OVXCZDQ,user1599
uHRVH4HXN,user1600
u1OVXCZDQ,user1601
uB4H2UWVO,user1602
uLCMOUY1W,user1603
uMMSCW0U4,user1604
uVEQQNJHB,user1605
uRSRDCIBN,user1606
u1OVACNKP,user1607
uNEGKN1TU,user1608
uNEGKN1TU,user1609
uP2ZSSMEC,user1610
u1OVXCZDQ,user1611
uQHCQJH4F,user1612
uNEGKN1TU,user1613
uI43DM52T,user1614
u0YUPXBVX,user1615
uGL4NKUGN,user1616
uNEGOO0LP,user1617
uTZ5VBSRB,user1618
uHRVH4HXN,user1619
u0YUPXBVX,user1620
uTZ5GP2FH,user1621
uII5JUKLY,user1622
uATZMJRNF,user1623
u0YU4CMF3,user1624
uPKFKOCR2,user1625
u5KYVHKPQ,user1626
uM1UVN4J0,user1627
uP2ZO0KGV,user1628
uZ32FOWEA,user1629
uJ2OILTPF,user1630
uJ2OILTPF,user1631
uW0EJ4SN2,user1632
uYC3IHGA1,user1633
uYC3IHGA1,user1634
u1OVXCZDQ,user1635
uDZT2PNYQ,user1636
uHRVMKBCX,user1637
u1OVXCZDQ,user1638
u351RA4PC,user1639
uM1U0BTOI,user1640
uJWAAKU2Z,user1641
u1OVXCZDQ,user1642
uW0EJ4SN2,user1643
u0AGNSS2T,user1644
u0YUPXBVX,user1645
uHJXYAVKC,user1646
u1OVXCZDQ,user1647
uAHFK3XB5,user1648
u0YUTGCKK,user1649
u1OVXCZDQ,user1650
uTS2D5VPS,user1651
uHQYMDUMZ,user1652
uZDQATZY0,user1653
uVGJZZENS,user1654
uVEQL35ES,user1655
uS5WWTZD0,user1656
uI43O12AR,user1657
u0VPMVRCF,user1658
uDZPXLNGR,user1659
uLMIOURPO,user1660
uVGJV2A53,user1661
uJ2OU1SNJ,user1662
uOQZQS1OF,user1663
uDSHJZEG,user1664
uMMSL5OL0,user1665
uMMSL5OL0,user1666
uZDQ0V5HL,user1667
uWWBHOTZF,user1668
u1OVXCZDQ,user1669
u351Z5BYV,user1670
uRLOBYIZF,user1671
uZNJRKP4W,user1672
uVGJEADTR,user1673
uBIBY2FYB,user1674
uHRVOPIYD,user1675
uRSRG4U4X,user1676
uBIBF002J,user1677
u0YUSNGHW,user1678
uTZ5BKPRK,user1679
uJWAAKU2Z,user1680
uDGURANQR,user1681
uVEQ5KVQJ,user1682
uVEQ5KVQJ,user1683
uB5FIIRYE,user1684
uDGURJQFB,user1685
u02LNWPCJ,user1686
uJWA0PJ2S,user1687
u1OVXCZDQ,user1688
uGL4NKUGN,user1689
uPA3DXHNF,user1690
uQZ0ZDTPT,user1691
uPKFJNMWD,user1692
uB5NFJ2UW,user1693
uBIBN0MZB,user1694
uQZ0EJE1M,user1695
uP2ZO0KGV,user1696
uP2ZYMM5Z,user1697
u0VPKC5RX,user1698
u1OVXCZDQ,user1699
u0YUPXBVX,user1700
uB5FIIRYE,user1701
uB5FIIRYE,user1702
uSIAHRFN5,user1703
u1OVXCZDQ,user1704
uLMIONXMT,user1705
uTZ5B2RMN,user1706
u02LNDBXV,user1707
u1OVXCZDQ,user1708
u5KYVR3YU,user1709
u1O5PUV11,user1710
uDGURANQR,user1711
u1OVXCZDQ,user1712
u02LNDIAU,user1713
uMLLCZHGM,user1714
uMLLCZHGM,user1715
uQHC3MU3B,user1716
uQZ0ZJA4Y,user1717
uSIACYOED,user1718
uONP5KK5Z,user1719
uLCMDVHL4,user1720
uJWI2GK3F,user1721
uW0EGCZMU,user1722
u1OVXCZDQ,user1723
uDZPXLNGR,user1724
uHQYMD4PA,user1725
u5KYWADAD,user1726
uGL4OYICL,user1727
uRULUO4E,user1728
uHJXT0V1I,user1729
uQZ0ZJA4Y,user1730
uPA3DXHNF,user1731
uWYNGXETD,user1732
uGL4NKUGN,user1733
u1OVXCZDQ,user1734
uDGURANQR,user1735
uZXYRIDLH,user1736
uWYNOTQBJ,user1737
uP2ZO0KGV,user1738
uVT4HDX1I,user1739
uTZ5BK4XN,user1740
u1CIRQUB1,user1741
uVEQW1QSQ,user1742
uCBTJBNIP,user1743
uLCMO1IOY,user1744
uWWBKPZTT,user1745
u3JHZLTOT,user1746
uLUCJ0E1V,user1747
uBIBP2W35,user1748
uCBTJJENF,user1749
u1OVXCZDQ,user1750
uB4HONZV5,user1751
uDSGD01O,user1752
uATZHYQVM,user1753
uR1WYPC02,user1754
u1OVXCZDQ,user1755
u1OVXCZDQ,user1756
uONP5KK5Z,user1757
uCBTMKTEG,user1758
uNEGKN1TU,user1759
uBIB4Z2JR,user1760
uB5NTIRMH,user1761
uBKZ0YT1I,user1762
u1OVXCZDQ,user1763
uRUWJOHY,user1764
uQZ0E2B5Q,user1765
uNEGKN1TU,user1766
uNEGKN1TU,user1767
uHRVM4OW2,user1768
uFAGEGMS,user1769
uP2ZYHBCL,user1770
u1OVXCZDQ,user1771
uUPW45XPI,user1772
u1OVXCZDQ,user1773
uHRVF3NBM,user1774
uLMIYNQDD,user1775
uPVDBJPTX,user1776
uP2ZKINNX,user1777
uRSRCNI0T,user1778
uONP50TEC,user1779
uVGJCWKL0,user1780
u1OVXCZDQ,user1781
u0AGDK03L,user1782
uVT4L2T40,user1783
uDZPXLNGR,user1784
uWYN5VATQ,user1785
u1OVXCZDQ,user1786
uQSM51IN1,user1787
uQSM51IN1,user1788
u1OVXCZDQ,user1789
u1OVXCZDQ,user1790
u1OVXCZDQ,user1791
uEMBE5RPM,user1792
uDGURANQR,user1793
uNEGKN1TU,user1794
uQZ0EJE1M,user1795
uY02E1VLF,user1796
u1OVXCZDQ,user1797
u1OVXCZDQ,user1798
uMLLCZQYN,user1799
uBK1NYKBL,user1800
uQHCQXPC4,user1801
uS5WCRQ3U,user1802
uS5WHXZQR,user1803
uMLLCZHGM,user1804
uMLLWW34N,user1805
u0AGTZH04,user1806
u1OVXCZDQ,user1807
uZXYRIDLH,user1808
uPA3DXHNF,user1809
uMLLHTUTO,user1810
uVEQW1QSQ,user1811
uS5WKZBT5,user1812
uHQYK0RDP,user1813
uB4GXIISG,user1814
uJWAR3ZKZ,user1815
uWWBG1T3R,user1816
uK3R14QSF,user1817
uAHFMBADU,user1818
uLMINRERY,user1819
uLUCSSD0Q,user1820
uZDQIDXP2,user1821
u1OVUI2T1,user1822
u1OVXCZDQ,user1823
u1OVXCZDQ,user1824
uB5NTIRMH,user1825
uUPW4KEM0,user1826
uR1WOTA3H,user1827
u1OVXCZDQ,user1828
uI43Y5XTP,user1829
uEMB0FVG1,user1830
uQZ0ZJA4Y,user1831
uDZPXLNGR,user1832
uGL4NT40N,user1833
uII5KAZMP,user1834
uNEGOBMVH,user1835
uKB5U41UV,user1836
uK3RUWKO3,user1837
uWWBHLQ3N,user1838
uNEGKN1TU,user1839
uLMIOELVJ,user1840
u1OVXCZDQ,user1841
uHRVOTCVQ,user1842
u1OVXCZDQ,user1843
uZNJAPG3P,user1844
uAHFJZ3YX,user1845
uZNJIKDWM,user1846
uGL4NKUGN,user1847
uCBTO5GPL,user1848
uP2ZYSDGQ,user1849
uQSMQMWPJ,user1850
uRLODCJWH,user1851
uZNDNYAN1,user1852
uDZPXLNGR,user1853
uS5WLD42I,user1854
uRUWEJJY,user1855
uRLOGCFZV,user1856
uPKFKB0QH,user1857
uQZ0QASGS,user1858
uWYNOTQBJ,user1859
uFABVVNJ,user1860
uZDQUSPR5,user1861
u0AGPXSSU,user1862
uW0EODT2C,user1863
u1OVXR1PD,user1864
uDZPXLNGR,user1865
u351UYMAC,user1866
uDGURQOWH,user1867
uWYN5VATQ,user1868
uZXYR2YJL,user1869
u1OVXCZDQ,user1870
uVEQCLD5U,user1871
uPVDWOREI,user1872
uZNJIKR4S,user1873
u1OVXCZDQ,user1874
uONP1MM2H,user1875
uDZPXLNGR,user1876
uONPUID5I,user1877
uLCMKLWSG,user1878
u1OVXCZDQ,user1879
uDGURANQR,user1880
uNEGKN1TU,user1881
uB4GRDSFM,user1882
u1OVXCZDQ,user1883
uONP5KK5Z,user1884
uRLOH233L,user1885
uAHFK3XB5,user1886
uR1WYPC02,user1887
uTS2DGJ0Y,user1888
uDZPXLNGR,user1889
uNEGKN1TU,user1890
uM1U0BTOI,user1891
uFADO14A,user1892
uBK1TTIKZ,user1893
u1OVXCZDQ,user1894
u1OVXCZDQ,user1895
uGL4NKUGN,user1896
uDZPXLNGR,user1897
u1OVXCZDQ,user1898
u1OVXCZDQ,user1899
u1OVXCZDQ,user1900
uLUCGST3X,user1901
uATZJPWMP,user1902
uK3R1IMYR,user1903
u1OVXCZDQ,user1904
uGL4NYZ1D,user1905
uP2ZO0KGV,user1906
uB5N4IZQH,user1907
u0AGDK03L,user1908
uKB5QQZ05,user1909
uHRVPYONN,user1910
uLUCJEVCG,user1911
uEMBUCWBX,user1912
uDZT2CBZG,user1913
u0AGT15EK,user1914
uHQYMDUMZ,user1915
uWYNBI04H,user1916
uRSRDCMDO,user1917
uJWAAXDSA,user1918
uWYNKD3ZO,user1919
uQZ0EJE1M,user1920
uQZ0EJE1M,user1921
uJWI2GK3F,user1922
uVGJVQPYX,user1923
uZDQXS4IG,user1924
uJ2OU1H02,user1925
u3511M4PK,user1926
uDZPXS55H,user1927
uHQYMS4IR,user1928
uHRVPYONN,user1929
uZNJRKP4W,user1930
uJWAAVK4W,user1931
uDSCBQLA,user1932
uDSCBQLA,user1933
uZQXIVPKK,user1934
uATZMDTAU,user1935
uHRVMKBCX,user1936
uLUCJKVPN,user1937
uMLLCZHGM,user1938
uMLLCZHGM,user1939
uR1WYPC02,user1940
uP2ZO0KGV,user1941
uP2ZO0KGV,user1942
uCBTCNASA,user1943
uQHC34QXY,user1944
u351IG2HJ,user1945
uM1U0BTOI,user1946
uHRVMKBCX,user1947
uJWAAKU2Z,user1948
uQHC33OVC,user1949
uM1U0BTOI,user1950
uQZ0ZDTPT,user1951
uZQXX1E1J,user1952
uLUCY4ALJ,user1953
uK3X2FRX2,user1954
uEMB0UYBI,user1955
uS5WWTZD0,user1956
uJ2OEXN0M,user1957
uQZ0ZJA4Y,user1958
uY02A5S3D,user1959
uK3RU3VCI,user1960
uB5N4P30I,user1961
u02LNWPCJ,user1962
uHJXNS010,user1963
uLCMSFOWS,user1964
uHRVM4OW2,user1965
uQHC355O1,user1966
uKPKZRBUU,user1967
uKPKZRBUU,user1968
u0AGSY5UZ,user1969
uDGUXBUAT,user1970
uK3RUCIAX,user1971
uGL4NKUGN,user1972
uGL4NKUGN,user1973
u1OVXCZDQ,user1974
u0YUPXBVX,user1975
u1OVXCZDQ,user1976
uQZ0330KL,user1977
u3FTZY1XB,user1978
uRLOGDOLF,user1979
uQZ0ZJA4Y,user1980
uLUCKDE1U,user1981
uDSLGGKY,user1982
uDZPXLNGR,user1983
uVGJCWKL0,user1984
uNEGTSUIQ,user1985
uR1WB4WUE,user1986
u0YUP323V,user1987
uM1U53VCL,user1988
uQSMQFMTA,user1989
uP2ZO0KGV,user1990
uWWBBIN3D,user1991
u02LTHIPQ,user1992
u1OVXCZDQ,user1993
uTS2GPGVY,user1994
uP2ZO0KGV,user1995
uSIAWVHF2,user1996
u1OVXCZDQ,user1997
uZQX1VXXD,user1998
uNEGOKC03,user1999
uDZPXLNGR,user2000
uDZPXLNGR,user2001
uRUWVESY,user2002
uS5W3PSF1,user2003
uS5WKZBT5,user2004
uDSHSZ3Q,user2005
u1OVXCZDQ,user2006
uGL4NKUGN,user2007
uB5NFJ2UW,user2008
uHJXSKH3E,user2009
uQSMQ522Z,user2010
uVGJCWKL0,user2011
uRSRHDAIF,user2012
uVGJL3MS5,user2013
uW0EJFK2V,user2014
uR1WB3VVJ,user2015
uNEGYV0O1,user2016
uEMBAMTYA,user2017
uBIBF3NWV,user2018
uB5NMTR41,user2019
uWWBGGIGP,user2020
uAHFMZREH,user2021
uWWBGUBKG,user2022
uJWAAKU2Z,user2023
uGL4NKUGN,user2024
uDZPXLNGR,user2025
uDSLIMMK,user2026
u1OVXCZDQ,user2027
uK3R1ROBF,user2028
uCBTCQ4DW,user2029
uAHFSI1W5,user2030
uTS2MLRQV,user2031
uMMSJJE5Z,user2032
u0AG2XXOK,user2033
u0YUPXBVX,user2034
uRLOBWVPY,user2035
u1OVXCZDQ,user2036
uWYN5VATQ,user2037
uFAYZ5H3,user2038
uQSMQU3H4,user2039
uB4GR3AS1,user2040
uR1WYPC02,user2041
uYC3Z0K5E,user2042
uY02ZNYCM,user2043
uGL4PP5SI,user2044
uRLOBYIZF,user2045
uGL4PPD2C,user2046
uM1UCZPKN,user2047
uQHCE511X,user2048
uQZ0QASGS,user2049
uGL4NKUGN,user2050
uONP5KK5Z,user2051
uQSMZT5NA,user2052
uMLLCZHGM,user2053
uY02Z54D3,user2054
uZ3220RSN,user2055
uII5S2HAE,user2056
uII5S2HAE,user2057
uW0EGEAX0,user2058
uW0EGEAX0,user2059
uOQZ34JQI,user2060
uII5LKL24,user2061
uQHC3ON0C,user2062
uY02ZKAWQ,user2063
uRLOQMWIJ,user2064
u1OVXCZDQ,user2065
uGL4NKUGN,user2066
uGL4NKUGN,user2067
uJWAAKU2Z,user2068
uGL4P3KCV,user2069
uM1U0BTOI,user2070
uNEGOR2MH,user2071
uLUCKEKSM,user2072
uOQZQCGMK,user2073
uOQZQEW0P,user2074
uTZ5H5FGM,user2075
uHQYPQG5V,user2076
uQSMQZIYJ,user2077
uATZSTTKM,user2078
uGL4S3TNS,user2079
uPKFYVADP,user2080
uDZPXLNGR,user2081
uQSMQFMTA,user2082
uQSMQFMTA,user2083
uW0ELY1EP,user2084
u0YUPXBVX,user2085
uKPKZRBUU,user2086
uKPKZRBUU,user2087
uJ2OANTTC,user2088
uP2ZO0KGV,user2089
u3510EPCK,user2090
u1O5F5OYJ,user2091
uNEGKN1TU,user2092
u1OVXCZDQ,user2093
uGL4NKUGN,user2094
u1OVXCZDQ,user2095
uPA3KYCI3,user2096
u351ZG1QS,user2097
u1OVXCZDQ,user2098
u1OVXCZDQ,user2099
uFAKK50Z,user2100
uEMBUT4RY,user2101
u5KYVHKPQ,user2102
uM1UHKVY3,user2103
uATZOMZNF,user2104
uLCMDVHL4,user2105
uJWA0XPOD,user2106
uQZ0QASGS,user2107
uM1U53W3R,user2108
uZXY1MEJE,user2109
uDGURPDIA,user2110
uB4H4MT1R,user2111
uFAW5UZM,user2112
uCBTJHXEM,user2113
uWWBHOTZF,user2114
uNEGSB1QA,user2115
uK3RUZNJ1,user2116
uZXK4LAOF,user2117
uVEQVPLGX,user2118
u1OVXCZDQ,user2119
uEMBIFOLG,user2120
uLCMFIE0V,user2121
uLCMFIE0V,user2122
u02LNWPCJ,user2123
uATZOSLWS,user2124
u351AOSYP,user2125
u1OVXCZDQ,user2126
uNEGKN1TU,user2127
uATZHG034,user2128
uWWBLED4V,user2129
uWWBLED4V,user2130
uQZ0CI1XP,user2131
uDG0MGTJP,user2132
uM1U0BTOI,user2133
uK3RIYN33,user2134
uVGJDHWG4,user2135
u02LNWPCJ,user2136
uQSMQPCFY,user2137
uB5NMTR41,user2138
uEMB0O51I,user2139
uMMSLWA1U,user2140
u0AGOPLNL,user2141
u351Z5BYV,user2142
uJWAI4PQ5,user2143
uS5WVDCWS,user2144
u02LNWPCJ,user2145
uZXYRU35B,user2146
uS5WKZBT5,user2147
u351Z5BYV,user2148
uQZ0CI1XP,user2149
uQHCQOUFU,user2150
u5KYV4BIS,user2151
uHRVMKBCX,user2152
u0YUPXBVX,user2153
u0AGSXAJQ,user2154
u0AGSXAJQ,user2155
uDZPXLNGR,user2156
uDZPXLNGR,user2157
uZNJ0VPCP,user2158
uVEQW1QSQ,user2159
u0AGSW0E4,user2160
u1CRTWUYN,user2161
u0YUYVXM3,user2162
uPVDKRJDO,user2163
uP2ZO0VIL,user2164
uVGJCBHZL,user2165
uPVDCGTLJ,user2166
uHJXTU50G,user2167
uK3RUG5AX,user2168
uTZ5DS20J,user2169
uMLLQC3WE,user2170
u0AGT15EK,user2171
uP2ZOKHVN,user2172
u1OVXCZDQ,user2173
uPKFYGQM0,user2174
uRUCJ5QW,user2175
uDSCBQLA,user2176
uDSCBQLA,user2177
uLCMOWAF0,user2178
uLCMOWAF0,user2179
uZXYRCCOG,user2180
uZXYRCCOG,user2181
u0YUPXBVX,user2182
uP2ZO0KGV,user2183
u1OVXCZDQ,user2184
u1OVXCZDQ,user2185
uONPLWE4V,user2186
uW0EJ4SN2,user2187
u1OVXCZDQ,user2188
uB5FIIRYE,user2189
uHRVMACQM,user2190
uII5OUVZF,user2191
u1OVXCZDQ,user2192
uONPVYB0H,user2193
uOQZ1KKMH,user2194
uVGJCWKL0,user2195
uWYN3OLGB,user2196
uJWAAKU2Z,user2197
uDZPXLNGR,user2198
uZDQRPSMQ,user2199
u0AGDK03L,user2200
uDZPXIEVE,user2201
uPVDK4WFR,user2202
uDGURXGKK,user2203
uB5NMTR41,user2204
uATZMNQXR,user2205
uEMB1ISU4,user2206
uHQYSWCFG,user2207
u0VPTJODX,user2208
uII5SUFRJ,user2209
uLUCGV4W2,user2210
u3JHEQQYM,user2211
uGL4TFXSO,user2212
uNEGKN1TU,user2213
uTS2DY5YY,user2214
u3JHZGRUJ,user2215
uJWAAKU2Z,user2216
uMLLEGU1B,user2217
uHRVF3NBM,user2218
uQZ0QASGS,user2219
uY02ZKAWQ,user2220
uSIALFICK,user2221
u1OVXVZB2,user2222
uHRVMKBCX,user2223
uB4GUM4SZ,user2224
uKPKX25TF,user2225
uSIAEDXJI,user2226
uQHCUIKT2,user2227
uONP5KK5Z,user2228
u1OVXCZDQ,user2229
uLUCBOANL,user2230
uNEGKN1TU,user2231
uNEGKN1TU,user2232
uDSHLKI2,user2233
u351Z5BYV,user2234
uZDQRII05,user2235
uATZO45LO,user2236
uP2ZYSDGQ,user2237
uQHC34QXY,user2238
uLMIOVOQX,user2239
uLUCYCWUQ,user2240
uPKFKS5IE,user2241
uNEGKN1TU,user2242
uPVDWOREI,user2243
uVGJWAQD5,user2244
uR1WYPC02,user2245
uWWBBIN3D,user2246
uATZJPWMP,user2247
uP2ZO0KGV,user2248
uPA3HXCHJ,user2249
uLCMDVHL4,user2250
uRSRC1WGS,user2251
uATZOEN1Y,user2252
uWYN5VATQ,user2253
uVEQCG4BW,user2254
uHJXMUWLH,user2255
uZXYRIDLH,user2256
uZXYRIDLH,user2257
u1CRTWUYN,user2258
u1O5SP5N0,user2259
uZQXILBAP,user2260
uHQYSIDQD,user2261
uII5SEBNG,user2262
uM1UWM2YM,user2263
uLMIDTIOU,user2264
uVT4HRO10,user2265
uII5YXYCH,user2266
uNEGKN1TU,user2267
u1OVXCZDQ,user2268
uDZPXLNGR,user2269
uRULQCVL,user2270
uRSRDCMDO,user2271
u1OVACNKP,user2272
uTZ5GZ4EL,user2273
uAHFNMXI4,user2274
uTS2BOTLV,user2275
uDZPXLNGR,user2276
uJWAAQ31Z,user2277
uB4GX05AM,user2278
uM1UGCNXW,user2279
uONP5KK5Z,user2280
uEMBE5RPM,user2281
uATZJPWMP,user2282
u02LPJ5II,user2283
uHRVMUXFW,user2284
uUPW4GOW0,user2285
uLCMOUY1W,user2286
uPVDD523A,user2287
u1OVXCZDQ,user2288
uOQZQ3PEV,user2289
uPKFLKQKX,user2290
uZNJRKP4W,user2291
uW0EHSXK5,user2292
u1OVRUOD2,user2293
uHRVOCB2B,user2294
uRUWEJJY,user2295
uDGURXGKK,user2296
u3511MMZ0,user2297
uS5WWTZD0,user2298
u0AGSDAWI,user2299
uCBTKEEUY,user2300
uONPWFVKQ,user2301
u02L4GKH4,user2302
uUPWNKKJA,user2303
uPKFORX4S,user2304
u1O5PBSX1,user2305
uDZPXLNGR,user2306
uY02ZKAWQ,user2307
uPVDKRJDO,user2308
uHRVSGCPC,user2309
uLUCJEVCG,user2310
uNEGKN1TU,user2311
u1OVXCZDQ,user2312
uPKFHOUM2,user2313
uDZPXLNGR,user2314
uVGJCWKL0,user2315
uQZ0ZDTPT,user2316
u5KY3JSMW,user2317
uKB515LVK,user2318
uZNJRKP4W,user2319
uHQYSWUYJ,user2320
uSIAHHIBZ,user2321
u1OVXCZDQ,user2322
uVEQLVOSA,user2323
uHRVMKBCX,user2324
uP2ZO0KGV,user2325
u0YUPXBVX,user2326
u02LDZGKV,user2327
uDSCBQLA,user2328
uWWBBXBFQ,user2329
u0YUPXBVX,user2330
uQSMQFMTA,user2331
uQSMQFMTA,user2332
uGL4NKUGN,user2333
uQSMQ1U1N,user2334
uRLOOTIWV,user2335
u0YUPXBVX,user2336
uQSMQFMTA,user2337
uQZ05B1MY,user2338
uB5N4IZQH,user2339
uP2ZO0KGV,user2340
uK3RXJAO2,user2341
uPKFJNMWD,user2342
uP2ZYSDGQ,user2343
u0AGDK03L,user2344
uHJXGQSOA,user2345
uQZ0Z1CPB,user2346
uVT4HGQKR,user2347
uVT4HGQKR,user2348
u1OVXCZDQ,user2349
uM1U0BTOI,user2350
uM1U0BTOI,user2351
uB5N41M3V,user2352
uDZPRYMYA,user2353
uRULZZDW,user2354
uGL4TWLED,user2355
u0YUPXBVX,user2356
uVGJC1KHM,user2357
uDZPXLNGR,user2358
uI43OEGIE,user2359
u0VPT4Q4I,user2360
uLUCGST3X,user2361
uLUCGST3X,user2362
uHRVMKBCX,user2363
uHRVMKBCX,user2364
uB5NMTR41,user2365
uNEGKN1TU,user2366
uP2ZO0KGV,user2367
u0YUPXBVX,user2368
uR1WBCI1N,user2369
uGL4PVOXX,user2370
uNEGKN1TU,user2371
uONP5KK5Z,user2372
uHRVMKBCX,user2373
uSIALITUS,user2374
uNEGOR4TE,user2375
uQZ0ZDTPT,user2376
uBIBFNELQ,user2377
uJ2OU1SNJ,user2378
uRUCMWM2,user2379
uZDQAAJEZ,user2380
uKB513WB0,user2381
uRULXIBT,user2382
uDSHZAWV,user2383
uII5JYHCB,user2384
uFAG1G2H,user2385
uGL4S3TNS,user2386
uWYNBOH0H,user2387
u0VP2115G,user2388
uLMIY4QZO,user2389
uSIAL3WHR,user2390
uR1WYPC02,user2391
uZNJARMRK,user2392
u351Z5BYV,user2393
uONPHTOMK,user2394
uPKFKS5IE,user2395
u0VPSDJWB,user2396
u02LPDQUR,user2397
u5KYWZVAO,user2398
uQZ030CJ1,user2399
uQZ0ZJA4Y,user2400
uNEGONOWD,user2401
uB5NFSCQ5,user2402
uRULYO5I,user2403
uDG02K5BK,user2404
u1OVXCZDQ,user2405
uP2ZO0KGV,user2406
u1OVXCZDQ,user2407
uY02ZKAWQ,user2408
uZXYXKAHP,user2409
uVEQVEP4U,user2410
uVEQVEP4U,user2411
uWYNKD3ZO,user2412
uWYNKD3ZO,user2413
u1CRMBHGB,user2414
u0AGSY5UZ,user2415
uKPKZTWNR,user2416
uPKFWGAIC,user2417
uB5NMTR41,user2418
u1OVXCZDQ,user2419
uRUCXO31,user2420
uDZT2PNYQ,user2421
u1OVXCZDQ,user2422
uHRVM4OW2,user2423
uGL4NWIMM,user2424
uB5N4IZQH,user2425
u1OVXCZDQ,user2426
uJWAAKU2Z,user2427
uPA3DXHNF,user2428
uDGURI2UA,user2429
uQZ030CJ1,user2430
uJ2Y4ACAQ,user2431
uDSHLVTG,user2432
uONP52W4N,user2433
uLCMDVHL4,user2434
uLCMKOAUM,user2435
uHRVOP0WG,user2436
uHQYMDP5H,user2437
uDSG1QGO,user2438
uBIBFZXSF,user2439
uVGJDHWG4,user2440
uTS2OOD3A,user2441
u1OVACNKP,user2442
uMLLCZ32G,user2443
uAHFOP5SF,user2444
uHJXSMPBB,user2445
uHRVMKBCX,user2446
uP2ZO0KGV,user2447
uNEGKN1TU,user2448
uB5NF0V3U,user2449
uPA3K1D04,user2450
uPA3K1D04,user2451
uSIALFICK,user2452
uNEGKN1TU,user2453
uZDQAEBAI,user2454
uZDQAEBAI,user2455
u1OVXCZDQ,user2456
u1OVXCZDQ,user2457
uLUCGST3X,user2458
u1OVXCZDQ,user2459
uVEQW1QSQ,user2460
uZXYRIDLH,user2461
uJWAAKU2Z,user2462
uP2ZYHBCL,user2463
uNEGKN1TU,user2464
uNEGKN1TU,user2465
uR1WBMDC2,user2466
u0YUPXBVX,user2467
uKB510IO4,user2468
uLUCJEVCG,user2469
uPVDKI5QP,user2470
uDGU0JSP3,user2471
uBIBF002J,user2472
uJWARFPJG,user2473
uQZ0QASGS,user2474
uDGURXGKK,user2475
uAHFMRCR2,user2476
uS5WHQ2HG,user2477
uPVDJPGJK,user2478
uPVDJPGJK,user2479
uRUWJOHY,user2480
uK3R0JEFV,user2481
uZ322HM12,user2482
uQHC0FIOI,user2483
uQSM5RYQU,user2484
uWYNB3UMQ,user2485
uP2ZO0KGV,user2486
u3JH3QKDG,user2487
uGL4NKUGN,user2488
uGL4NKUGN,user2489
uQHCUIKT2,user2490
uQZ0QASGS,user2491
uZNJ3BVS1,user2492
u1OVXCZDQ,user2493
uLUCJKVPN,user2494
uB5N44A0M,user2495
uB5N44A0M,user2496
u1OVXCZDQ,user2497
uDGURANQR,user2498
u02LNWPCJ,user2499
uR1WYPC02,user2500
uR1WYPC02,user2501
uGL4SCLTY,user2502
uP2ZO0KGV,user2503
uP2ZO0KGV,user2504
uGL4NKUGN,user2505
uDG0PFW3E,user2506
uVGJCWKL0,user2507
uRUWVESY,user2508
uZNJRKP4W,user2509
uR1WHWPH5,user2510
uVGJLMICF,user2511
u1OVXCZDQ,user2512
uLUCKQF34,user2513
u1OVRIIR4,user2514
uKPKZRBUU,user2515
uB4H2M024,user2516
uRUCJ5QW,user2517
uDZPXLNGR,user2518
uLCMDVHL4,user2519
uYC30FUMX,user2520
uP2ZJTDOC,user2521
u1O54YO2T,user2522
u351Z5BYV,user2523
uZNJRKP4W,user2524
uHQYNIPBI,user2525
uDZPXLNGR,user2526
u1OVXCZDQ,user2527
uDGURANQR,user2528
uZNJRKP4W,user2529
u1O54YO2T,user2530
uB5N4DFAJ,user2531
uP2ZO0KGV,user2532
uB5N4IZQH,user2533
u1OVXCZDQ,user2534
uWYNCBPX5,user2535
u1OVXCZDQ,user2536
uHRVDK5VN,user2537
uQHCE1F5V,user2538
uVEQL35ES,user2539
uHQYYPXOF,user2540
uRLOL52YN,user2541
uATZJPWMP,user2542
uZXK2DD4W,user2543
uZXK2DD4W,user2544
u1OVXCZDQ,user2545
uMLLHTUTO,user2546
uDZPXLNGR,user2547
uLCMKOAUM,user2548
uP2ZO0KGV,user2549
uP2ZO0KGV,user2550
u351RA4PC,user2551
uZXYRIDLH,user2552
uPA3D05GH,user2553
uQZ0ZDTPT,user2554
uVEQCG4BW,user2555
uHQYYPXOF,user2556
uJ2O0XEW1,user2557
uDSCCEHJ,user2558
u3JHZNOSY,user2559
uAHFYCU4W,user2560
u0YUPXBVX,user2561
uHRVMKBCX,user2562
uHRVMKBCX,user2563
uNEGKN1TU,user2564
uS5WKZBT5,user2565
uGL4NKUGN,user2566
u0YUPXBVX,user2567
u0YUPXBVX,user2568
uEMBVXCYV,user2569
uLCMM5WYP,user2570
uW0ELJZS3,user2571
uJ2OUXI4Q,user2572
uJWAAKU2Z,user2573
uW0EGCZMU,user2574
uI43JFDYQ,user2575
uB5N4VQPW,user2576
uZXYRJJDR,user2577
uHRVP34WK,user2578
uLUCKMPO1,user2579
u5KYWGCOZ,user2580
uTS2HYFX4,user2581
uPVDKRJDO,user2582
uY02VBGUO,user2583
uQHCECQ2Q,user2584
uZNJIKDWM,user2585
uVGJLK0TX,user2586
u1OVXCZDQ,user2587
uQZ0EJE1M,user2588
uQZ0EJE1M,user2589
u3FTE1YB5,user2590
uMMSCQLT1,user2591
uMMSCQLT1,user2592
uWWBVQROA,user2593
uHQYSS3RE,user2594
uHJXSTSRD,user2595
uP2ZSSMEC,user2596
uVT4LYCRW,user2597
uR1WG4MAF,user2598
uKPK1RU1V,user2599
uSIAEDXJI,user2600
uS5WH0VCK,user2601
uB4H4NISE,user2602
uP2ZO0V3N,user2603
uTS2JQLWR,user2604
u351Z5BYV,user2605
uHJXMHRT0,user2606
uVEQB4WUR,user2607
uRUC4TWW,user2608
uPKFGRYKA,user2609
uJ2ORF42S,user2610
uYC3EFQYN,user2611
uYC3EFQYN,user2612
uONP5KK5Z,user2613
uPVDWOREI,user2614
uI43HDKM1,user2615
uB5NMTR41,user2616
uLCMJ2PXN,user2617
uNEGKMSMT,user2618
uQZ030CJ1,user2619
uVGJCWKL0,user2620
u0YUPJHTB,user2621
u1OVXCZDQ,user2622
uP2ZO0KGV,user2623
uZND2DPYO,user2624
uDG0PFW3E,user2625
uDZPXLNGR,user2626
uDZPXLNGR,user2627
uS5WLJAO3,user2628
uVT4LBYYH,user2629
uPVDWOREI,user2630
u1OVXCZDQ,user2631
uB4GXAGVI,user2632
u1OVXCZDQ,user2633
uGL4NKUGN,user2634
uR1WHFRVP,user2635
u1OVXCZDQ,user2636
u351ZG1QS,user2637
uSIAEYCO1,user2638
uSIAEYCO1,user2639
uLCMDVHL4,user2640
uFALYR3M,user2641
u3JHEIDNB,user2642
u0VPPH0KB,user2643
uNEGOR4PH,user2644
uRLOGTUQL,user2645
uSIAWVTWI,user2646
uRLOCFI5N,user2647
uP2ZO0KGV,user2648
uP2ZO0KGV,user2649
uVT4LT3CS,user2650
uK3R1IMYR,user2651
u1OVXCZDQ,user2652
u1OVXCZDQ,user2653
uB5NPCQKR,user2654
uB5NPCQKR,user2655
uY02ZKAWQ,user2656
uDGURANQR,user2657
uKB50E23U,user2658
uCBTJ5TOV,user2659
uHRVMUZMA,user2660
uATZFTNYZ,user2661
uUPW4GPSM,user2662
uGL4NKUGN,user2663
u1OVACNKP,user2664
uKB5U24DK,user2665
uVGJC4JKC,user2666
uKPKRGPKY,user2667
u1OVXCZDQ,user2668
uLUCOBG3W,user2669
uVEQEXH23,user2670
uVEQLXCQB,user2671
uLCMJMGJR,user2672
uHRVMINEK,user2673
u5KYVHKPQ,user2674
uATZJPWMP,user2675
uDGURJQFB,user2676
uPKFD25ZG,user2677
uNEGKN1TU,user2678
uDZPXLNGR,user2679
uVEQW1QSQ,user2680
u0YUPXBVX,user2681
u1OVXCZDQ,user2682
uY02I4ODW,user2683
uEMBUZRVY,user2684
uJWAASOZO,user2685
u1OVXCZDQ,user2686
uHRVH4HXN,user2687
uNEGKN1TU,user2688
uKB5A4EJD,user2689
uR1WHCOMM,user2690
u1OVXCZDQ,user2691
uRULX0OL,user2692
u1OVXCZDQ,user2693
uHQYYA0TS,user2694
u5KYV00UJ,user2695
u1O52FLYC,user2696
uONP5KK5Z,user2697
u1OVXCZDQ,user2698
uB5NMTR41,user2699
uDZPXLNGR,user2700
uLUCGST3X,user2701
u1OVXCZDQ,user2702
uR1WBMDC2,user2703
uONPV3I42,user2704
uLUCGST3X,user2705
u1OVXCZDQ,user2706
uP2ZYHBCL,user2707
uMLLCZHGM,user2708
uDG02K5BK,user2709
uS5WZDK11,user2710
uB5NF0V3U,user2711
uLUCYW5MY,user2712
uNEGKN1TU,user2713
uLCMY5DZ0,user2714
u1O54YO2T,user2715
uKPKUTP5Q,user2716
uVGJL3U3D,user2717
uATZF0WGN,user2718
u1CI1XBVP,user2719
uMLLVN45R,user2720
uM1UVTTVN,user2721
uPVDJ4EAN,user2722
uONP5KK5Z,user2723
uQZ0QASGS,user2724
uZXYRIDLH,user2725
uZXYRIDLH,user2726
uVGJVQPYX,user2727
uVEQWPINE,user2728
u1OVXCZDQ,user2729
uDZPRCD3S,user2730
uB4H2SXFI,user2731
uB4H2SXFI,user2732
uNEGKN1TU,user2733
uNEGKN1TU,user2734
uAHFJM1RH,user2735
uMMS54BNG,user2736
uMMS54BNG,user2737
uPA3DXHNF,user2738
uR1WYPC02,user2739
uI43DM52T,user2740
uKPK1QDER,user2741
uOQZ3FQNF,user2742
uTZ5BK4XN,user2743
uVGJCWKL0,user2744
uM1U0BTOI,user2745
uHRVM0YLQ,user2746
u0AGDK03L,user2747
u0YUPXBVX,user2748
u1OVXCZDQ,user2749
uDGUR0A10,user2750
u02HXERCW,user2751
uLCMJ2PXN,user2752
uNEGKN1TU,user2753
uGL4NKUGN,user2754
uJWAI2JAA,user2755
uRLODI22M,user2756
u0YUMHCQ4,user2757
uDSYSOCG,user2758
uRSRDQALS,user2759
uAHFYAX1B,user2760
uDSHKMEX,user2761
u1O54YO2T,user2762
uJ2OAWA1R,user2763
uHQYKQXGR,user2764
uJWAAKU2Z,user2765
uB5NF40FW,user2766
uZNJIMQF3,user2767
uW0EGZFZL,user2768
uVGJDBM5B,user2769
uVGJWVXDQ,user2770
uTS2W3QZY,user2771
uM1U5GQGV,user2772
uJWAAKU2Z,user2773
uEMBE5RPM,user2774
uVT4WPMXN,user2775
uQZ0EJE1M,user2776
uK3RUAHEZ,user2777
u1OVXCZDQ,user2778
u0YUPXBVX,user2779
u1OVXCZDQ,user2780
u1OVXCZDQ,user2781
u02LNWPCJ,user2782
uJWAAKU2Z,user2783
uFAJXHQR,user2784
uNEGOH2PV,user2785
uNEGKN1TU,user2786
uWYN5VATQ,user2787
uLMITKKGY,user2788
uFAHOJV4,user2789
uFAHOJV4,user2790
uRULXIBT,user2791
uYC3EOMDG,user2792
uY02ZKD5D,user2793
uHRVM4OW2,user2794
u1OVXCZDQ,user2795
u1OVXCZDQ,user2796
uLUCOBG3W,user2797
uONP5KK5Z,user2798
uONP5KK5Z,user2799
uHRVMIZBI,user2800
u3JH00FIA,user2801
u1OVXCZDQ,user2802
uY02USW0Y,user2803
uWYNGN1YH,user2804
uBK1PKDYY,user2805
uDZPXLNGR,user2806
uQZ0ZDTPT,user2807
u1OVXCZDQ,user2808
uKB5ZLOV0,user2809
u1OVXCZDQ,user2810
u1OVXCZDQ,user2811
uHRVMKBCX,user2812
uEMBE5RPM,user2813
u1OVXCZDQ,user2814
uGL4T1Q2Z,user2815
uM1U0BTOI,user2816
u0AGT15EK,user2817
uLMIKSSFU,user2818
u0AGDK03L,user2819
uRU5Q100,user2820
u1OVXCZDQ,user2821
uDGURI4NZ,user2822
uP2ZOVACF,user2823
uQSMZ515Z,user2824
uB5FIIRYE,user2825
uB5FIIRYE,user2826
uWWBLPDAP,user2827
uWWBLPDAP,user2828
uVGJCWKL0,user2829
uW0EGEIR2,user2830
uKB5IPJTN,user2831
uSIACOGKC,user2832
uTZ5DRPZL,user2833
uHRVKMDMB,user2834
uLUCJEVCG,user2835
u0VPPEKCF,user2836
uM1UGVSPP,user2837
u1OVXEHW0,user2838
u1OVXCZDQ,user2839
uPVDJT2RI,user2840
uS5WBNCQS,user2841
uKB513WB0,user2842
uHQYMDUMZ,user2843
uHRVMJY5T,user2844
uLUCGV4W2,user2845
uTS2GLLAD,user2846
uY02I4ODW,user2847
uZXYRIDLH,user2848
u1OVRZ4BR,user2849
uB4H2GGVH,user2850
uGL2RRG4B,user2851
uP2ZJ411O,user2852
uDZPXLNGR,user2853
uP2ZO0KGV,user2854
uP2ZO0KGV,user2855
uPKFWGAIC,user2856
u02LNWPCJ,user2857
uJWAAKU2Z,user2858
uJWAAKU2Z,user2859
u1CRMBHGB,user2860
